"","Time (s)","Trial 1","Trial 2","Trial 3","Trial 4","Trial 5","Trial 6","Trial 7","Trial 8","Trial 9","Trial 10","Trial 11","Trial 12","Trial 13","Trial 14","Trial 15","Trial 16","Trial 17","Trial 18","Trial 19","Trial 20","Trial 21","Trial 22","Trial 23","Trial 24","Trial 25","Trial 26","Trial 27","Trial 28","Trial 29","Trial 30","Trial 31","Trial 32","Trial 33","Trial 34","Trial 35","Trial 36","Trial 37","Trial 38","Trial 39","Trial 40"
"1",0,0,0,0,0,0,0,0,0,0,0,0,0,0,0,0,0,0,0,0,0,0,0,0,0,0,0,0,0,0,0,0,0,0,0,0,0,0,0,0,0
"2",1,0,0,0,0,0,0,0,0,0,0,0,0,0,0,0,0,0,0,0,0,0,0,0,0,0,0,0,0,0,0,0,0,0,0,0,0,0,0,0,0
"3",2,0,0,0,0,0,0,0,0,0,0,0,0,0,0,0,0,0,0,0,0,0,0,0,0,0,0,0,0,0,0,0,0,0,0,0,0,0,0,0,0
"4",3,0,0,0,0,0,0,0,0,0,0,0,0,0,0,0,0,0,0,0,0,0,0,0,0,0,0,0,0,0,0,0,0,0,0,0,0,0,0,0,0
"5",4,0,0,0,0,0,0,0,0,0,0,0,0,0,0,0,0,0,0,0,0,0,0,0,0,0,0,0,0,0,0,0,0,0,0,0,0,0,0,0,0
"6",5,0,0,0,0,0,0,0,0,0,0,0,0,0,1,0,0,0,0,0,0,0,0,0,0,0,0,0,0,0,0,0,0,0,0,0,0,1,0,0,0
"7",6,0,0,0,0,0,0,0,0,0,0,0,0,0,0,0,0,0,0,0,0,0,0,0,0,0,0,0,0,0,0,0,0,0,0,0,0,0,0,1,0
"8",7,0,0,0,0,0,0,0,0,0,0,0,0,0,0,0,0,0,0,0,0,0,0,0,0,1,0,0,0,0,0,0,0,0,0,0,0,1,0,0,0
"9",8,0,0,0,0,1,0,0,0,0,0,0,0,0,0,0,0,0,0,0,0,0,0,0,0,0,0,0,0,0,0,0,0,0,0,0,0,0,0,1,0
"10",9,0,0,0,0,0,0,0,0,0,1,0,0,0,0,0,0,0,1,0,0,0,0,0,0,0,0,1,1,0,0,0,0,0,0,0,1,1,0,0,0
"11",10,0,0,0,0,0,0,0,0,0,0,0,0,0,0,0,0,0,0,0,0,0,0,1,0,0,0,0,0,0,0,0,0,0,0,0,0,0,0,0,0
"12",11,0,0,0,0,0,0,0,0,1,0,0,0,0,0,0,1,0,0,0,1,0,2,0,0,0,0,1,1,0,0,0,0,0,0,0,0,0,0,1,0
"13",12,0,0,0,0,0,0,0,0,0,0,0,0,0,2,0,0,0,0,0,0,0,0,0,0,1,0,0,0,0,0,0,0,0,0,0,0,0,0,0,0
"14",13,0,0,0,0,0,0,0,2,0,0,0,0,0,0,1,0,0,0,1,0,0,0,0,1,0,0,0,0,0,0,0,0,0,0,0,0,0,0,1,0
"15",14,0,0,0,0,0,1,0,0,0,0,0,0,0,1,0,0,0,0,0,0,0,0,0,0,2,0,0,0,1,0,0,0,0,0,0,0,0,0,0,0
"16",15,0,0,1,0,1,0,0,0,0,0,0,0,0,0,0,0,0,0,1,1,1,1,1,0,0,0,0,1,1,1,0,0,0,0,1,0,0,0,0,0
"17",16,0,1,0,1,1,0,0,2,1,0,0,0,0,0,1,0,0,0,0,0,0,2,0,0,0,2,0,0,0,0,1,0,0,0,0,2,0,0,0,0
"18",17,0,0,0,0,0,0,1,0,0,0,0,0,0,0,0,0,0,0,0,0,0,0,0,1,0,1,0,0,0,1,0,0,2,0,0,0,1,1,0,1
"19",18,0,0,0,1,0,0,1,1,0,0,0,0,0,0,2,0,0,0,0,0,1,0,2,1,1,0,0,0,0,0,0,0,1,0,0,0,0,2,0,0
"20",19,0,1,1,1,1,1,1,0,0,0,0,0,1,0,1,0,1,0,0,0,1,0,0,0,1,1,1,0,0,0,0,0,1,0,0,1,0,1,0,0
"21",20,1,1,1,1,1,0,0,1,0,0,0,1,1,2,0,1,1,1,0,0,0,0,0,1,1,0,0,0,0,0,1,0,2,0,0,0,1,1,0,1
"22",21,0,0,0,0,2,0,0,0,0,1,0,1,1,0,1,0,0,0,1,1,0,0,2,1,1,0,1,0,2,0,1,0,1,0,1,1,1,1,1,0
"23",22,0,1,0,1,2,1,0,2,0,0,0,1,1,1,0,1,1,1,1,0,1,0,0,1,2,1,0,1,0,0,1,0,0,1,1,1,1,0,0,2
"24",23,1,1,1,0,1,1,1,1,0,0,0,1,2,0,1,1,1,0,0,1,0,1,1,0,0,1,0,0,0,1,0,0,0,1,1,1,0,2,1,1
"25",24,0,0,1,0,3,1,0,1,0,0,0,0,0,1,0,0,1,1,1,1,1,0,0,0,1,1,1,1,1,0,0,0,1,1,1,0,0,0,1,1
"26",25,0,1,1,1,2,2,1,1,1,1,1,0,1,0,2,1,0,1,1,1,1,0,0,2,1,0,0,1,1,1,0,0,0,1,1,1,0,0,1,1
"27",26,1,1,1,1,2,1,1,1,0,1,1,1,1,1,1,1,0,0,1,0,1,1,1,0,1,1,0,1,0,0,1,0,1,1,0,0,1,1,2,1
"28",27,0,1,1,0,3,2,0,0,0,0,0,0,2,1,0,1,0,1,2,0,2,2,0,0,1,1,0,1,1,2,1,0,1,1,1,1,1,0,0,1
"29",28,1,1,2,0,0,1,0,0,0,1,1,0,1,1,1,2,1,1,0,2,1,0,0,0,1,1,1,0,0,1,0,0,0,2,1,0,0,0,1,1
"30",29,0,2,0,1,0,1,1,2,1,1,1,2,1,2,1,1,0,1,1,1,2,1,2,1,1,2,0,0,1,2,1,0,2,2,1,0,1,1,1,1
"31",30,0,1,1,2,0,0,2,0,1,1,1,0,2,1,2,0,0,1,1,2,1,0,0,1,1,2,1,1,1,1,1,0,1,1,1,1,0,0,1,1
"32",31,1,2,0,0,2,1,1,1,2,1,1,2,1,1,1,0,1,1,1,0,2,2,1,0,0,1,0,2,0,1,2,0,1,2,1,0,0,1,1,0
"33",32,1,1,1,1,1,1,0,1,0,1,1,1,2,2,1,1,1,2,1,0,0,0,2,0,1,1,1,0,1,1,2,0,2,1,1,1,1,0,0,1
"34",33,0,1,0,0,1,0,2,2,1,2,1,1,2,1,2,1,1,0,2,2,1,1,0,0,1,1,1,1,0,2,0,0,1,1,1,1,1,0,2,1
"35",34,0,0,1,0,1,1,0,0,1,1,1,2,1,1,0,1,0,0,2,1,2,1,1,0,0,1,0,1,0,2,2,0,1,2,0,1,1,0,2,2
"36",35,1,0,0,1,1,2,2,2,0,1,1,2,2,1,2,2,0,0,1,2,1,1,0,1,2,2,1,1,0,2,1,0,2,1,2,2,1,1,2,1
"37",36,0,1,1,0,1,2,1,2,2,2,0,1,0,1,0,1,0,2,2,1,0,1,1,0,1,1,0,2,0,1,0,1,1,0,1,0,0,0,2,1
"38",37,0,1,1,0,2,2,1,2,0,1,0,1,1,1,2,1,0,1,2,0,2,2,0,2,1,0,1,1,2,1,1,0,1,2,1,1,2,1,1,3
"39",38,0,1,1,1,2,0,0,1,1,1,1,0,1,2,2,1,0,1,2,1,1,1,1,0,0,1,1,1,1,2,1,0,1,0,1,0,1,0,2,0
"40",39,0,1,2,0,2,1,1,2,2,1,1,1,1,2,1,2,1,1,0,1,0,2,0,0,1,2,1,1,1,1,1,0,2,1,1,2,1,1,0,2
"41",40,1,0,1,1,1,1,1,2,0,1,1,1,1,1,2,1,2,0,2,2,1,1,0,1,0,1,1,0,1,1,1,1,0,0,2,0,1,2,0,1
"42",41,0,2,2,0,1,1,0,1,1,1,1,2,2,1,0,2,1,0,1,2,1,1,0,1,1,2,1,1,0,2,1,1,1,1,0,1,1,0,2,1
"43",42,1,1,1,0,2,0,0,1,2,1,2,1,0,0,0,1,1,1,1,1,1,2,1,0,2,1,2,2,1,1,1,0,1,1,2,1,1,0,1,2
"44",43,1,1,0,1,0,2,1,2,1,2,2,2,2,0,1,2,1,0,0,2,1,0,0,1,2,2,1,0,0,0,1,1,2,2,1,2,2,0,1,2
"45",44,1,2,2,2,1,1,1,2,1,1,1,2,1,1,0,2,2,1,1,1,1,1,0,1,1,1,3,2,1,1,1,1,2,2,1,1,1,0,1,1
"46",45,2,2,1,1,0,2,1,2,2,1,2,1,0,2,2,0,0,0,1,1,1,0,0,0,2,2,1,1,1,1,1,1,1,2,1,0,0,0,1,2
"47",46,2,1,1,2,0,1,1,1,1,2,2,1,3,1,1,2,2,0,2,1,1,1,0,0,1,1,2,1,0,0,1,0,1,1,1,2,2,2,1,3
"48",47,0,0,0,0,2,1,1,1,1,1,1,2,2,1,1,1,0,0,1,1,1,1,0,1,1,1,1,2,0,1,0,0,2,1,3,3,2,1,0,1
"49",48,1,2,1,2,1,2,1,2,0,1,1,2,1,1,1,2,1,1,2,0,0,2,0,1,1,2,1,1,0,1,1,1,2,0,1,2,1,2,2,2
"50",49,1,1,1,0,0,1,2,1,0,2,1,1,2,1,2,2,1,0,1,0,1,0,1,1,1,0,1,0,1,2,3,0,1,1,1,0,1,2,2,1
"51",50,1,2,2,0,1,1,0,1,1,1,1,2,2,0,1,1,2,1,2,1,0,1,0,1,2,1,1,1,2,2,1,0,1,1,1,1,1,1,2,2
"52",51,1,1,1,1,0,0,1,1,0,1,1,1,1,2,1,2,2,0,1,1,1,1,0,2,1,1,1,0,1,1,2,1,2,2,1,1,1,2,1,1
"53",52,1,2,2,0,1,1,3,0,2,0,1,2,1,1,2,2,1,2,0,0,1,2,1,2,0,1,1,2,0,2,2,0,1,2,1,0,1,1,1,2
"54",53,1,1,1,1,1,2,2,1,2,1,1,2,1,1,2,0,2,0,1,1,0,1,2,2,2,1,2,1,1,0,0,1,1,2,1,1,1,1,3,2
"55",54,1,3,2,0,2,2,1,2,2,0,1,1,1,1,1,0,1,1,2,1,0,1,1,1,0,0,2,1,2,1,1,1,1,1,1,2,1,2,1,2
"56",55,1,1,0,1,1,1,0,1,2,1,1,2,0,1,1,0,2,0,1,2,2,0,2,2,2,2,2,2,0,0,2,1,2,2,2,0,1,0,2,2
"57",56,2,2,1,1,0,0,1,1,1,1,1,1,0,1,1,1,1,1,0,1,1,1,1,1,2,1,2,0,2,1,1,0,0,0,1,0,1,1,2,2
"58",57,1,1,2,1,1,1,1,2,1,0,1,1,1,0,3,2,2,0,0,1,1,2,3,1,1,1,1,1,1,1,2,0,3,0,2,1,1,2,2,3
"59",58,2,2,2,1,1,0,2,1,3,1,1,1,1,1,1,1,1,1,2,1,2,1,1,1,2,1,2,0,2,1,1,1,2,0,2,2,2,1,3,1
"60",59,2,3,2,2,2,0,0,1,1,1,2,2,0,1,2,1,2,0,1,2,1,2,1,0,2,2,1,1,1,2,1,1,1,1,1,3,1,1,1,2
"61",60,1,2,2,1,1,1,0,2,1,0,0,1,2,1,2,1,2,0,1,2,1,0,1,2,1,2,1,1,1,2,1,0,2,2,0,0,1,2,3,1
"62",61,1,1,3,1,1,2,2,2,1,0,1,1,1,2,1,1,1,0,1,1,2,1,2,1,0,0,2,1,1,1,0,1,1,0,2,2,1,1,2,2
"63",62,2,0,2,1,1,1,1,2,1,0,1,2,1,1,1,1,1,1,2,1,1,1,2,0,2,2,2,2,0,2,0,1,1,2,1,2,1,2,3,1
"64",63,1,2,1,2,1,2,1,2,1,0,1,1,1,1,1,2,1,0,3,1,1,1,0,2,2,1,1,1,1,1,0,1,2,2,1,1,1,2,1,0
"65",64,1,2,3,1,0,2,1,1,2,1,1,2,0,1,1,3,1,1,2,1,2,1,0,2,0,1,1,1,1,3,1,0,1,2,2,1,1,1,1,2
"66",65,1,1,2,2,2,2,1,0,0,0,1,1,2,2,1,1,1,1,2,2,2,1,2,1,2,0,0,2,1,1,1,1,1,3,1,1,1,1,2,0
"67",66,2,2,2,1,1,1,2,1,3,0,1,1,2,0,1,2,1,1,2,2,1,2,1,0,1,1,1,1,1,2,0,1,1,1,2,1,1,1,1,0
"68",67,2,1,2,2,2,2,2,2,1,1,2,0,1,2,1,2,3,2,0,2,1,1,2,1,0,0,2,1,1,2,2,0,2,2,2,0,0,2,1,2
"69",68,1,1,2,1,3,1,1,1,2,1,2,2,2,2,2,1,1,1,2,2,2,2,0,2,1,2,1,1,1,1,0,0,1,3,2,2,1,2,0,0
"70",69,1,1,0,1,2,1,1,2,2,0,0,1,1,1,1,1,2,1,2,0,2,2,1,1,1,2,1,1,1,1,3,1,1,1,2,1,0,1,1,2
"71",70,1,2,1,1,1,1,2,2,2,1,1,2,2,1,0,2,1,1,1,2,0,1,2,0,1,2,1,1,1,0,1,0,2,2,3,2,1,2,1,1
"72",71,2,1,1,2,1,1,1,1,1,1,0,1,1,2,1,1,2,2,3,1,1,1,2,2,0,2,1,1,1,2,2,1,1,1,3,2,1,1,1,1
"73",72,1,2,1,0,3,0,1,4,2,0,1,1,1,0,1,3,2,1,3,2,2,1,0,1,2,1,1,1,1,0,2,1,2,3,1,2,1,2,1,2
"74",73,0,1,2,2,0,1,2,2,1,0,1,1,2,2,1,1,1,0,1,1,2,2,2,2,0,1,1,2,1,1,2,1,2,2,2,2,0,2,1,1
"75",74,1,0,2,2,1,0,1,1,1,1,1,1,2,2,1,1,1,1,3,2,2,1,2,0,2,1,1,0,2,2,1,1,1,2,1,1,1,1,2,1
"76",75,2,1,1,2,1,1,1,1,3,0,2,2,1,2,0,2,1,1,1,1,1,1,1,0,1,0,2,2,2,0,1,0,1,1,2,1,1,2,1,0
"77",76,2,1,2,1,1,2,0,2,2,1,3,1,2,1,2,2,3,2,2,1,1,2,2,1,2,0,2,0,1,2,1,1,2,1,2,1,1,2,1,1
"78",77,1,1,1,2,2,2,1,1,2,0,1,1,1,0,1,2,1,0,2,2,0,2,1,1,1,1,2,1,1,0,1,0,1,2,1,2,1,2,1,2
"79",78,2,1,1,2,1,2,1,2,1,0,2,0,2,1,1,0,2,2,2,1,2,2,2,1,1,2,2,1,1,2,0,0,1,0,1,1,1,2,1,2
"80",79,2,0,3,2,3,2,1,3,2,2,1,2,2,2,2,3,1,2,1,2,2,2,2,1,2,1,3,1,1,2,0,1,2,2,2,2,1,1,2,0
"81",80,2,1,1,2,1,1,1,0,2,0,2,1,1,1,1,2,0,0,1,1,1,3,1,1,1,1,1,2,1,2,0,1,3,2,1,1,0,3,1,1
"82",81,0,1,2,2,1,1,2,2,2,1,2,0,2,1,1,2,1,2,1,1,1,1,2,1,1,2,1,2,2,0,0,1,0,1,2,1,2,2,2,2
"83",82,1,1,0,1,2,2,1,2,1,1,1,2,2,2,2,2,0,1,0,1,1,2,2,0,2,2,2,1,1,0,2,1,3,2,2,1,1,2,2,2
"84",83,2,2,1,2,1,1,2,0,2,1,1,2,1,1,2,1,1,2,1,1,1,1,0,2,2,2,1,1,1,2,1,0,1,0,2,1,1,2,2,0
"85",84,2,1,1,0,0,2,0,2,1,0,2,1,2,1,2,3,1,1,1,2,1,1,2,1,2,0,1,1,1,2,1,0,1,2,1,0,2,1,1,1
"86",85,1,1,2,2,2,1,1,1,2,0,2,1,0,0,2,2,1,1,1,2,1,1,1,2,1,1,1,1,1,1,1,1,2,1,0,1,1,2,2,2
"87",86,2,1,2,1,2,2,1,0,1,1,2,1,3,1,2,2,3,1,2,1,1,3,2,2,1,2,2,1,2,2,2,2,2,2,2,2,1,2,2,0
"88",87,1,2,2,1,2,1,1,1,2,1,1,1,2,1,1,1,2,2,2,2,1,1,2,1,1,1,0,1,0,1,0,1,1,1,1,1,1,1,3,1
"89",88,1,1,1,1,1,1,0,1,1,1,0,1,2,1,2,2,1,1,1,2,0,1,2,1,2,2,1,1,2,1,1,0,2,2,1,2,1,1,2,2
"90",89,1,2,1,1,1,1,1,0,1,1,2,1,2,2,2,1,2,0,2,1,1,1,1,2,3,0,1,1,2,1,1,1,3,1,2,0,1,1,1,2
"91",90,2,2,3,0,1,1,2,1,2,2,1,2,1,1,0,2,2,2,1,2,2,2,2,1,1,0,2,1,0,2,1,1,1,0,1,0,2,1,2,1
"92",91,1,2,1,0,2,2,1,2,0,1,2,1,3,0,2,2,2,2,1,1,1,1,2,1,1,2,1,1,2,1,2,1,0,0,3,1,0,2,1,2
"93",92,1,1,1,0,2,1,2,2,0,2,2,1,2,1,1,2,2,1,1,3,1,1,2,1,2,1,1,0,1,1,2,0,1,2,2,1,2,2,3,1
"94",93,1,3,2,0,2,2,2,1,1,1,1,1,3,1,1,0,2,1,1,1,1,0,1,3,3,1,1,2,2,1,0,0,2,1,2,1,1,1,1,2
"95",94,1,2,2,1,1,1,0,2,1,1,2,1,2,0,2,2,2,3,0,2,2,1,2,2,1,2,2,1,1,0,3,1,2,0,2,1,0,1,2,1
"96",95,1,1,3,1,3,2,1,1,1,1,2,1,1,1,2,1,2,1,1,1,1,1,2,1,2,1,1,1,1,0,0,1,2,2,2,2,0,0,2,1
"97",96,2,3,0,1,1,2,1,2,2,1,1,2,2,1,1,2,3,0,1,2,2,2,2,1,3,2,2,1,1,1,2,1,2,2,2,2,0,3,2,2
"98",97,1,1,2,2,3,2,1,2,2,2,2,1,2,1,2,1,1,2,2,2,2,1,2,2,3,2,1,1,0,1,1,1,2,1,3,2,1,2,2,2
"99",98,2,0,2,1,0,1,1,1,1,1,1,2,2,1,2,1,1,1,1,1,2,1,2,0,1,1,1,2,1,1,1,0,1,1,2,2,1,2,1,1
"100",99,1,3,1,2,3,2,0,1,2,2,1,2,3,1,2,2,2,0,1,1,2,1,2,1,2,2,1,1,2,1,1,1,2,1,2,2,1,1,3,3
"101",100,2,1,2,2,1,1,1,1,1,0,1,1,2,1,2,0,2,2,2,1,1,0,2,0,3,1,1,1,2,2,3,1,2,1,0,1,1,2,2,1
"102",101,0,2,2,2,2,2,1,1,1,2,0,1,1,1,1,3,1,2,1,2,0,2,1,2,1,1,1,0,2,2,2,1,2,2,0,2,1,2,2,2
"103",102,2,2,2,2,0,1,1,2,1,1,2,2,3,1,1,1,2,1,2,1,1,1,3,2,1,1,2,2,0,1,2,1,2,0,2,0,2,2,1,2
"104",103,1,1,2,2,2,2,1,2,2,2,1,1,2,1,0,1,1,2,1,1,1,1,1,3,2,2,1,1,2,1,1,0,1,3,1,1,2,1,1,1
"105",104,1,1,1,1,1,1,2,1,1,2,1,2,2,1,1,2,2,0,2,2,1,1,2,1,2,2,1,3,2,2,2,1,2,2,2,1,1,3,2,2
"106",105,1,2,1,0,2,2,2,0,2,3,1,0,2,2,2,1,1,2,0,2,0,2,2,1,2,1,2,1,1,1,1,0,2,2,2,1,1,1,1,2
"107",106,2,2,1,1,1,1,1,1,2,1,1,2,1,1,1,1,2,1,1,2,1,1,2,2,1,3,1,1,1,1,3,1,2,1,2,2,1,2,1,2
"108",107,0,1,2,0,2,2,0,1,1,3,2,1,1,2,2,1,1,3,2,2,2,1,1,1,2,1,2,1,2,2,1,1,1,1,1,3,1,1,2,1
"109",108,2,2,2,1,1,1,1,2,2,2,2,2,2,1,1,1,1,0,1,1,1,1,2,1,3,1,1,1,1,2,1,1,2,2,2,2,1,2,0,2
"110",109,2,1,2,1,1,2,1,1,1,1,1,2,1,2,1,2,1,1,2,2,2,2,0,1,1,2,2,0,2,1,2,0,2,2,2,2,0,1,3,1
"111",110,1,1,2,1,2,1,0,1,1,2,1,1,2,2,1,1,2,2,1,2,1,1,2,2,2,2,2,1,1,1,2,0,1,1,1,1,2,2,2,1
"112",111,1,1,1,1,1,0,1,1,1,4,1,1,2,1,3,2,1,0,1,0,2,1,2,2,1,2,1,0,2,1,2,1,2,1,2,2,1,1,2,0
"113",112,1,1,2,1,1,1,2,1,1,1,1,2,1,1,2,1,2,1,0,2,1,0,0,1,2,2,2,1,3,1,2,1,2,2,1,1,1,1,2,2
"114",113,2,1,2,0,2,1,0,1,2,3,1,0,3,0,2,1,1,0,1,2,2,1,2,1,0,2,1,1,1,1,1,1,1,1,2,1,1,1,1,1
"115",114,1,2,1,1,1,3,1,2,0,2,1,1,2,0,1,1,2,1,1,1,0,0,1,0,2,0,1,0,2,1,1,1,2,2,1,1,2,2,0,1
"116",115,0,2,1,1,2,1,1,1,1,2,2,0,2,1,0,2,1,1,1,2,1,1,2,2,2,1,2,2,1,1,3,1,2,1,1,1,0,2,2,1
"117",116,1,1,1,2,2,2,2,2,2,1,1,1,2,0,2,2,1,1,1,1,1,1,1,3,1,2,1,1,1,1,1,0,1,1,2,2,2,2,1,2
"118",117,1,1,1,2,2,2,1,1,2,2,0,2,2,1,2,2,1,2,0,1,1,1,1,0,2,1,2,0,2,1,1,1,1,2,0,2,0,1,0,2
"119",118,0,2,2,2,0,0,2,2,2,1,1,1,1,0,1,1,2,0,1,1,1,1,2,2,1,2,1,0,1,1,2,1,0,1,1,1,2,1,1,2
"120",119,2,1,2,2,0,1,0,2,0,2,1,0,2,0,1,1,2,2,2,0,2,2,1,2,2,1,1,0,2,1,1,0,1,2,2,2,1,1,2,2
"121",120,2,1,2,1,2,1,1,1,2,1,1,2,3,1,2,2,1,1,2,1,1,1,1,2,2,1,1,1,1,2,2,1,1,2,2,2,1,1,1,2
"122",121,2,2,1,0,0,2,1,2,1,0,1,1,1,0,2,2,1,1,0,2,0,1,0,1,1,3,1,2,1,2,1,1,2,1,1,1,2,2,0,1
"123",122,2,3,1,1,2,2,0,1,1,1,1,2,2,2,2,3,3,2,0,1,1,1,2,2,0,1,1,0,1,1,1,1,2,1,1,3,2,2,1,2
"124",123,1,2,2,2,2,1,0,1,2,1,3,1,2,2,2,1,3,2,1,2,0,1,1,2,1,1,1,1,1,1,2,1,1,2,2,1,1,1,1,2
"125",124,2,1,1,1,2,1,0,1,1,1,1,1,1,2,2,2,2,1,1,1,2,0,1,1,2,2,1,2,2,2,1,1,2,1,1,3,0,1,1,2
"126",125,0,2,2,1,3,2,2,1,2,1,2,2,2,0,0,1,1,1,1,2,1,2,2,1,1,2,0,1,0,1,2,0,2,1,2,2,2,2,1,2
"127",126,1,1,2,1,0,1,1,1,1,3,1,1,1,0,2,1,2,2,1,1,1,1,1,2,1,2,2,1,2,2,1,1,2,2,1,1,2,1,2,2
"128",127,2,1,2,1,2,2,0,0,2,1,2,1,1,0,1,2,2,2,1,2,1,2,2,2,1,2,1,2,2,0,2,0,1,2,2,2,2,1,2,1
"129",128,1,2,1,1,2,2,1,2,1,2,2,2,1,2,2,0,1,1,2,1,0,1,1,2,0,1,2,1,1,1,1,1,2,1,0,2,1,2,1,3
"130",129,1,2,2,2,2,1,1,1,2,2,1,2,1,1,1,1,2,1,2,1,2,1,1,2,2,2,1,2,1,2,2,1,2,2,1,1,1,2,3,1
"131",130,1,1,2,1,0,2,0,2,1,2,1,2,1,1,1,2,2,1,1,1,2,1,1,0,2,0,2,2,2,0,2,1,1,1,0,3,1,1,2,2
"132",131,1,1,1,1,2,3,2,2,1,1,2,1,1,0,2,2,2,0,2,2,2,0,2,2,1,1,2,1,3,2,1,1,1,1,0,1,1,2,2,2
"133",132,2,2,1,1,1,1,1,2,2,2,1,2,1,1,1,1,2,0,1,1,1,1,2,2,2,1,2,1,0,1,1,0,2,2,1,3,2,1,2,2
"134",133,1,0,1,1,2,2,1,2,2,0,1,1,2,1,0,1,1,2,1,1,1,1,2,2,2,1,2,2,2,2,1,1,2,1,1,2,0,2,1,3
"135",134,2,1,1,1,1,2,1,2,2,1,1,1,2,0,1,2,2,1,1,0,1,2,2,2,2,2,1,2,1,2,2,1,2,1,0,3,1,2,2,2
"136",135,1,2,3,2,2,1,1,2,2,1,1,2,1,1,2,1,1,0,2,2,2,2,2,1,1,1,3,3,2,1,1,0,2,1,1,1,0,2,2,1
"137",136,1,1,2,0,1,2,2,0,0,1,3,2,2,0,2,0,2,2,2,0,1,1,2,2,2,1,2,2,1,2,1,1,1,1,2,2,0,1,2,3
"138",137,1,3,0,2,1,2,2,1,3,1,0,2,2,0,1,1,2,1,2,2,0,1,3,1,2,2,1,2,1,1,2,1,1,1,2,1,1,2,1,1
"139",138,2,0,1,1,2,1,2,1,1,1,2,1,1,0,2,2,0,0,2,2,1,3,2,2,1,1,1,2,2,2,2,1,3,2,1,2,1,2,3,2
"140",139,1,2,1,0,1,2,0,1,1,2,2,1,2,2,1,1,1,1,1,1,2,1,1,1,1,2,2,2,0,2,2,1,0,2,1,2,1,1,2,1
"141",140,1,1,1,2,0,2,1,3,2,1,2,2,2,1,1,2,1,1,3,2,0,2,2,1,2,2,1,0,1,2,1,1,3,2,2,2,0,2,2,2
"142",141,1,2,1,2,1,1,2,1,1,3,2,1,1,1,1,1,1,1,1,1,2,0,2,2,1,2,2,4,2,0,1,1,2,3,1,1,2,1,3,1
"143",142,1,1,1,1,1,1,0,2,1,1,2,1,1,1,1,2,2,0,1,2,3,1,1,2,3,2,1,2,1,1,2,0,2,2,1,2,2,1,2,2
"144",143,1,2,1,1,0,1,0,1,2,2,0,2,2,0,1,0,1,2,2,2,1,0,2,2,2,1,1,2,1,1,2,0,3,1,0,0,2,1,2,3
"145",144,2,1,2,2,2,2,2,1,2,2,2,2,0,1,1,1,3,0,2,2,3,1,3,1,2,2,2,2,2,2,1,1,0,2,1,2,1,1,1,2
"146",145,1,2,0,2,2,1,1,2,2,2,2,1,1,0,2,1,1,1,1,1,1,2,0,1,1,2,1,2,2,2,2,1,2,2,1,2,0,1,1,1
"147",146,2,1,2,1,2,1,0,2,2,1,1,2,2,1,0,2,2,2,2,0,3,1,3,2,1,1,0,3,1,0,2,1,2,1,1,1,1,1,1,2
"148",147,1,2,2,2,2,3,1,0,1,3,2,1,2,1,1,1,1,1,2,2,2,2,1,1,2,2,2,2,0,1,2,1,1,2,1,1,2,2,1,3
"149",148,2,1,2,2,2,1,1,3,1,2,2,2,2,2,1,2,1,1,2,0,2,1,2,3,1,2,1,3,2,2,2,1,2,2,2,2,1,1,2,1
"150",149,1,2,1,1,1,1,1,2,2,2,3,1,1,1,2,1,2,1,1,3,2,2,2,1,2,2,2,2,1,2,1,1,2,1,2,2,1,1,1,2
"151",150,2,2,2,2,1,2,0,1,1,2,2,1,2,2,1,2,0,3,3,2,1,1,1,2,2,2,2,2,2,1,1,0,1,2,2,2,1,2,1,2
"152",151,1,2,1,1,1,1,1,2,1,1,1,0,2,1,3,1,2,1,2,2,0,2,2,2,2,1,1,2,2,1,1,1,1,2,2,2,1,2,1,1
"153",152,2,2,2,1,2,4,1,1,2,2,3,2,1,2,1,1,1,1,2,2,1,0,2,2,2,1,1,2,1,0,2,0,1,1,0,2,1,2,1,2
"154",153,0,2,1,0,1,1,1,1,2,1,2,1,4,2,2,2,2,1,1,1,1,0,1,2,2,2,2,1,1,1,1,1,1,1,2,1,2,2,2,1
"155",154,1,2,1,1,2,2,1,3,1,2,2,2,2,1,1,2,2,1,2,1,1,1,2,1,0,2,2,1,2,2,0,1,0,1,2,2,2,2,1,3
"156",155,1,2,1,2,1,2,1,2,2,2,1,0,2,2,0,2,2,1,3,1,1,1,1,2,1,2,1,1,0,1,0,1,2,2,2,2,1,1,2,2
"157",156,0,2,2,1,1,2,2,1,1,1,3,2,2,1,2,1,1,1,2,1,1,1,2,1,3,2,1,2,2,1,2,1,1,1,1,2,1,3,1,1
"158",157,1,2,2,1,1,2,1,1,2,1,2,1,2,2,2,2,1,3,2,2,1,1,1,3,1,2,2,0,1,1,2,1,2,2,2,1,1,2,2,1
"159",158,2,2,1,0,1,2,0,4,1,2,2,2,1,1,1,2,2,1,2,1,2,1,1,1,2,1,0,1,2,2,0,0,2,1,2,2,1,1,1,1
"160",159,1,2,1,2,2,1,1,1,2,2,3,1,2,1,2,0,1,1,2,1,2,0,2,1,1,3,1,1,3,2,1,1,2,1,2,2,1,1,2,2
"161",160,2,1,2,1,2,3,1,2,2,2,2,2,1,2,2,1,1,2,1,1,1,1,2,2,2,2,1,1,0,2,1,0,1,1,2,2,1,0,1,2
"162",161,2,2,2,1,1,2,1,1,2,2,2,2,2,1,0,2,2,2,1,2,1,2,1,1,2,2,2,0,2,3,1,1,1,2,2,1,2,1,1,1
"163",162,1,2,1,0,1,2,1,1,2,2,2,2,2,1,1,2,1,2,1,1,1,1,2,2,1,3,1,2,2,2,0,1,2,2,2,2,1,2,1,2
"164",163,1,1,1,2,1,1,1,2,2,2,2,2,0,2,1,1,2,1,0,1,2,1,2,1,2,1,1,2,1,1,0,1,1,2,2,1,2,1,2,2
"165",164,2,1,2,1,1,2,2,2,1,1,2,2,2,2,2,2,2,2,2,2,1,0,2,1,2,0,2,2,1,2,0,1,1,1,3,1,2,1,1,1
"166",165,2,1,2,1,2,1,2,2,2,2,0,2,1,1,2,3,1,0,2,2,2,3,1,1,3,1,1,1,2,2,0,1,2,1,2,1,2,2,2,2
"167",166,2,2,1,1,2,3,2,2,0,1,2,2,2,2,1,1,1,1,1,2,1,2,2,1,2,3,1,1,2,2,0,0,2,2,3,1,2,2,2,2
"168",167,2,1,1,2,1,2,2,2,2,2,1,2,2,1,1,2,0,1,1,2,2,1,1,2,1,0,1,2,0,1,0,1,1,1,2,1,2,2,2,1
"169",168,1,2,1,2,2,1,1,1,1,2,2,2,2,2,2,1,2,1,1,1,2,2,1,1,2,2,1,2,2,1,1,1,2,1,2,2,1,2,2,2
"170",169,2,2,1,1,1,2,2,2,2,0,2,1,1,2,2,2,2,1,2,1,2,3,1,1,2,1,2,1,1,2,1,1,2,2,3,2,2,1,2,3
"171",170,2,0,1,2,3,2,1,3,1,1,1,3,2,1,2,1,2,1,1,2,2,1,0,1,2,1,0,2,1,2,2,0,0,1,2,2,1,1,1,2
"172",171,2,1,2,1,1,2,1,1,1,2,0,1,3,1,1,1,1,2,2,1,2,2,2,1,1,1,1,3,1,0,1,1,2,1,2,2,2,2,1,0
"173",172,2,0,1,0,2,2,1,1,1,2,2,2,1,2,1,1,2,2,3,2,1,1,3,2,2,1,1,2,1,1,0,1,1,1,0,1,1,1,2,2
"174",173,2,1,3,1,1,3,0,2,1,1,2,2,2,3,3,2,1,0,2,1,2,1,2,2,2,0,2,2,1,1,1,1,1,1,2,1,2,2,1,2
"175",174,1,2,3,1,3,3,2,1,1,0,1,1,1,1,1,1,2,1,1,0,2,2,2,1,2,2,1,3,2,2,1,0,1,0,1,1,3,2,1,1
"176",175,1,2,2,0,1,2,2,3,1,1,2,2,1,2,2,2,1,1,2,1,1,1,1,1,1,2,2,2,1,2,0,1,1,1,2,1,1,2,1,2
"177",176,1,2,2,2,2,2,0,1,0,0,1,2,1,1,2,1,1,1,3,2,2,2,1,1,1,1,2,1,3,2,0,1,2,1,2,2,2,1,0,2
"178",177,2,1,1,2,1,2,1,1,2,1,2,1,1,1,0,1,1,1,2,2,2,2,1,2,1,1,2,2,2,2,1,1,2,1,0,1,2,3,1,2
"179",178,1,3,2,1,1,2,1,2,2,3,2,0,1,0,2,0,1,1,3,1,2,2,2,1,1,2,1,1,2,1,0,1,2,2,3,2,2,1,2,1
"180",179,2,2,1,1,2,1,2,2,1,1,0,2,3,2,2,1,3,1,2,2,0,1,1,2,2,2,2,1,1,3,1,0,1,2,1,2,1,1,1,2
"181",180,2,2,2,1,2,1,1,1,1,2,3,1,2,2,1,1,1,2,1,0,1,1,2,0,1,2,2,1,2,2,2,0,1,2,3,2,3,3,1,2
"182",181,2,0,1,3,1,1,2,1,1,2,1,1,3,0,0,1,2,1,2,1,0,0,1,2,1,2,1,1,0,0,1,1,2,1,0,2,2,2,1,2
"183",182,1,3,1,0,2,1,2,2,1,1,2,2,1,2,1,1,0,1,3,1,1,2,1,2,1,2,3,2,1,1,1,1,1,1,2,0,1,0,2,2
"184",183,2,2,2,2,1,1,1,2,1,1,1,1,2,0,2,0,2,2,2,1,1,1,1,2,2,1,2,1,1,2,1,1,1,1,2,1,3,2,2,1
"185",184,2,2,2,2,1,2,2,1,0,1,1,1,2,2,2,1,1,2,2,1,2,2,2,2,1,1,2,2,2,1,1,1,2,1,1,2,1,2,1,1
"186",185,2,2,2,1,2,2,0,1,2,2,2,1,2,1,1,2,1,2,1,3,2,1,1,1,1,2,1,1,0,1,1,0,1,2,2,2,1,1,3,1
"187",186,1,0,1,1,2,1,3,2,1,1,2,1,2,1,0,1,1,1,3,2,1,1,1,2,2,2,0,2,2,0,1,1,1,1,2,1,2,0,2,2
"188",187,1,2,2,1,2,2,1,1,1,1,1,1,1,1,2,1,1,2,1,2,1,2,2,2,2,2,1,2,2,1,2,1,2,1,2,1,0,2,1,1
"189",188,2,2,1,2,2,0,1,1,0,2,3,1,1,1,2,2,1,2,2,2,1,0,2,0,2,2,2,3,1,1,1,1,2,2,0,1,2,1,3,1
"190",189,2,1,2,1,1,2,2,1,1,2,1,1,1,1,2,1,1,1,2,2,2,2,2,1,2,2,1,1,1,1,1,0,1,2,2,2,1,1,2,2
"191",190,2,0,2,0,1,0,1,1,1,1,2,1,2,1,2,2,1,2,2,2,1,1,2,2,0,1,1,0,2,1,2,1,2,2,2,2,2,0,2,1
"192",191,2,1,2,1,3,1,1,2,1,2,1,2,1,1,1,1,1,0,2,2,0,1,2,1,2,2,1,2,1,1,2,1,2,2,1,1,1,1,2,1
"193",192,1,1,1,2,1,1,2,2,1,2,1,0,1,1,2,1,1,1,1,1,2,1,2,1,2,1,2,2,2,1,2,1,3,2,2,1,2,1,2,2
"194",193,2,1,3,1,2,2,2,1,1,0,2,1,2,1,0,1,2,1,1,2,2,1,1,2,0,1,1,1,2,1,1,1,1,2,1,1,0,1,1,1
"195",194,2,3,1,1,2,2,0,0,2,1,0,1,2,1,2,2,1,2,2,1,1,1,2,1,2,2,3,1,1,1,3,0,1,2,1,1,2,1,1,3
"196",195,2,1,2,0,1,0,1,1,1,2,2,1,0,1,1,1,2,2,2,2,1,1,0,1,1,1,1,0,2,1,1,1,2,1,1,1,1,1,1,1
"197",196,2,1,1,1,2,1,0,2,2,1,1,0,1,1,1,2,2,0,1,1,1,1,1,2,1,2,1,1,0,2,2,1,2,2,1,0,1,2,2,1
"198",197,1,1,1,1,1,1,1,2,2,1,0,1,2,1,1,2,1,1,1,1,2,1,2,1,1,0,1,2,1,0,1,1,1,1,0,1,2,1,0,1
"199",198,1,1,1,1,0,0,1,1,1,1,1,1,0,0,0,1,1,2,0,1,1,0,1,0,1,2,0,1,2,1,2,1,1,1,1,1,1,1,1,1
"200",199,2,1,1,1,1,1,0,1,1,0,1,2,1,1,0,1,1,1,1,1,0,1,1,1,1,1,0,2,1,1,0,1,1,1,1,0,1,1,1,0
"201",200,0,1,1,1,1,0,1,0,0,1,1,0,1,1,1,2,1,1,0,1,1,1,1,1,1,1,1,2,1,1,1,1,1,1,1,1,1,1,2,1
"202",201,1,0,0,1,1,1,1,1,0,0,0,1,1,1,1,0,1,1,2,1,1,0,1,1,1,1,1,1,2,1,1,0,2,1,1,1,1,1,0,2
"203",202,1,1,1,1,1,1,1,2,1,1,1,1,1,0,1,1,1,1,1,1,1,0,1,1,1,2,1,1,0,2,1,1,0,1,0,1,2,0,1,0
"204",203,1,1,1,1,1,1,1,1,1,1,1,2,1,1,1,1,1,1,3,1,0,1,1,0,1,1,1,0,2,0,1,0,1,0,1,1,1,0,1,1
"205",204,1,1,1,1,1,1,1,0,1,1,1,0,0,1,1,0,1,0,0,0,1,0,1,1,0,1,1,0,1,1,1,1,1,1,1,0,0,0,0,0
"206",205,0,0,0,0,1,1,0,1,0,0,0,0,1,1,1,1,0,1,0,1,1,1,0,0,0,1,0,1,0,1,0,1,1,1,1,2,1,1,1,1
"207",206,1,1,1,1,0,0,1,1,1,1,1,2,0,0,1,1,1,1,1,0,1,1,1,1,1,0,1,1,1,1,1,0,1,2,1,1,0,1,1,1
"208",207,0,0,1,1,1,0,1,1,1,1,1,1,2,1,1,1,1,1,0,1,1,1,1,1,1,1,1,1,0,0,1,1,1,0,1,1,1,1,0,1
"209",208,1,1,0,1,0,1,1,0,1,1,1,0,0,1,1,0,1,1,1,1,1,1,1,1,1,0,1,1,1,1,1,1,1,0,0,1,1,1,1,1
"210",209,1,1,1,0,1,1,0,1,1,1,1,1,0,0,0,0,1,1,1,0,1,1,1,0,1,1,1,0,2,1,1,1,1,0,1,1,1,1,1,1
"211",210,1,1,0,1,1,1,0,1,0,1,0,1,1,1,1,0,1,0,1,0,1,0,1,1,1,1,0,1,1,0,1,1,0,1,1,1,1,1,0,0
"212",211,1,1,1,1,0,1,1,1,1,1,0,0,1,1,1,1,0,1,0,2,1,1,0,1,0,0,1,0,1,1,1,0,1,1,1,1,0,1,1,1
"213",212,1,0,0,0,1,0,1,0,1,0,1,0,1,1,0,1,0,1,1,1,0,2,1,1,1,1,1,2,0,1,0,1,0,1,1,1,1,1,1,1
"214",213,0,1,1,0,1,1,1,1,1,1,1,1,1,1,1,1,1,1,1,1,1,0,1,1,1,1,2,1,1,1,1,0,1,1,0,0,1,1,1,1
"215",214,0,1,1,1,0,1,1,0,0,1,1,1,1,0,1,0,1,1,1,0,0,1,0,0,1,1,0,0,0,1,1,1,0,1,1,1,1,0,2,1
"216",215,1,1,1,2,1,1,0,1,1,1,1,1,1,1,1,1,1,0,1,1,1,0,1,1,0,1,0,1,1,0,1,1,1,1,1,1,1,1,1,0
"217",216,1,1,1,0,1,1,1,0,1,0,1,1,0,0,0,1,1,0,0,1,1,0,1,1,0,1,1,1,1,1,0,1,1,1,1,0,1,0,0,1
"218",217,1,1,1,1,1,0,1,1,1,1,0,1,1,1,0,1,0,1,1,1,1,1,1,1,1,1,1,1,1,1,1,0,1,1,1,0,0,2,1,1
"219",218,1,0,0,1,1,0,1,1,1,0,0,0,0,1,2,1,1,0,1,1,0,1,0,0,1,0,1,0,0,1,1,1,0,0,0,1,1,0,1,1
"220",219,0,1,2,1,1,1,1,1,1,1,1,1,1,0,0,0,1,2,0,1,1,1,1,1,1,1,0,1,1,1,1,1,1,1,2,1,0,1,1,0
"221",220,1,1,0,1,1,1,1,1,0,0,1,1,1,1,1,1,1,1,1,0,1,1,1,1,1,1,1,0,1,1,0,1,1,1,0,1,1,1,1,1
"222",221,1,0,1,0,1,1,1,1,1,1,1,1,1,1,1,1,1,0,1,1,1,1,0,1,0,0,1,1,0,0,1,0,1,0,0,1,1,1,0,0
"223",222,1,0,0,1,1,1,0,1,0,1,1,1,0,1,1,1,0,1,1,1,1,0,1,0,1,1,1,1,1,1,1,1,0,1,1,0,1,1,1,1
"224",223,1,2,1,0,1,0,0,0,1,0,0,0,1,1,1,1,1,0,0,0,1,1,1,1,0,0,1,1,1,0,1,1,1,1,1,1,1,1,1,0
"225",224,1,0,1,1,0,1,1,0,1,1,1,1,1,1,1,1,1,1,1,1,0,1,0,0,1,1,0,0,0,0,1,1,1,1,0,1,1,0,1,2
"226",225,0,1,1,1,1,0,1,1,1,0,0,1,1,1,1,1,1,1,1,1,1,1,1,1,1,1,1,0,0,1,1,0,1,0,1,0,1,1,0,0
"227",226,1,1,1,1,0,1,1,1,1,1,1,1,0,0,0,0,0,1,1,1,1,1,0,1,1,1,1,1,1,2,0,2,1,1,1,1,0,0,1,1
"228",227,1,1,1,1,1,1,1,1,1,1,1,1,1,1,0,1,1,1,1,1,0,0,1,0,1,1,0,1,0,0,1,1,1,1,1,1,1,1,0,1
"229",228,1,0,1,1,1,1,1,1,0,1,1,1,1,1,1,0,0,1,1,1,2,1,1,1,0,0,1,1,1,1,0,1,1,1,1,0,1,1,1,0
"230",229,0,1,0,0,1,0,0,0,1,0,1,1,1,1,1,1,1,1,1,1,0,1,2,1,1,1,1,1,1,1,0,0,1,1,0,1,1,1,1,0
"231",230,1,0,1,1,1,1,1,0,1,1,1,0,1,0,1,1,1,1,1,0,0,1,0,1,1,0,1,0,0,1,1,1,0,1,1,0,1,0,1,2
"232",231,1,1,0,1,0,1,1,1,1,2,0,1,1,1,1,1,1,0,0,1,1,0,1,1,1,1,1,1,1,1,0,0,1,0,1,1,0,0,1,1
"233",232,1,1,1,0,1,1,0,1,1,0,1,0,0,1,1,1,0,1,1,1,1,1,1,0,0,1,1,1,1,0,1,1,1,1,1,1,1,1,1,1
"234",233,1,0,1,1,1,1,1,1,0,1,0,1,1,1,1,0,0,0,1,1,1,1,0,1,1,1,1,1,1,1,1,0,1,1,0,1,1,1,0,1
"235",234,1,1,1,1,1,0,1,1,1,0,1,1,1,1,1,1,1,1,0,0,0,1,1,1,1,0,1,1,1,1,1,1,1,1,1,1,0,1,0,0
"236",235,1,0,1,1,0,0,0,0,1,1,1,1,0,1,1,0,1,1,1,1,1,1,1,0,0,1,1,1,0,0,1,1,0,0,1,0,0,1,1,1
"237",236,0,1,1,0,1,1,1,1,0,1,1,1,0,0,0,2,1,1,1,0,1,0,1,1,1,1,1,1,1,0,1,1,1,1,1,1,2,1,1,1
"238",237,1,1,1,1,1,1,1,1,1,1,1,1,1,1,1,0,1,1,1,1,1,0,1,1,1,1,0,1,1,1,0,1,1,1,1,1,1,1,1,1
"239",238,0,1,1,1,1,1,1,1,1,1,0,0,0,0,1,1,1,1,0,1,1,1,0,1,1,1,1,0,1,1,1,0,0,1,1,0,1,1,1,0
"240",239,1,1,0,1,1,1,1,1,1,1,1,1,1,1,0,1,1,0,1,0,1,2,1,1,0,0,0,1,0,1,1,1,1,1,0,1,1,0,1,1
"241",240,1,1,1,0,0,0,0,1,0,1,1,0,1,1,1,0,1,1,1,1,1,0,1,1,1,1,1,0,1,1,1,1,1,0,1,1,0,1,0,1
"242",241,0,1,0,1,1,1,1,0,0,0,1,1,1,0,0,1,0,1,0,1,1,1,1,1,1,0,1,0,1,0,1,1,1,1,1,1,1,1,1,0
"243",242,1,1,1,1,1,1,1,1,1,1,1,1,1,1,1,1,1,1,1,1,0,1,0,1,1,1,0,2,1,1,0,0,0,1,0,1,1,1,1,1
"244",243,1,0,1,1,0,1,0,1,1,0,0,0,0,1,1,0,1,0,1,1,1,1,1,0,1,1,1,1,1,1,1,1,1,0,1,1,1,0,0,0
"245",244,1,1,1,1,1,1,1,0,1,1,1,1,1,1,0,1,1,1,1,0,0,1,0,1,1,1,2,1,0,1,1,1,0,1,0,1,0,1,1,1
"246",245,0,1,1,0,1,0,1,0,0,1,0,1,1,1,1,0,1,1,1,1,0,1,1,0,1,1,0,1,2,1,1,1,1,1,1,0,0,1,1,1
"247",246,1,1,1,1,1,2,1,1,1,0,1,0,1,1,1,1,1,1,1,1,1,0,1,0,0,1,0,0,0,1,1,1,1,0,1,1,1,1,1,1
"248",247,1,0,0,1,1,1,0,1,1,1,0,1,1,0,1,2,0,1,0,1,1,0,1,1,1,0,1,1,1,0,0,0,1,1,1,0,1,1,1,1
"249",248,1,1,1,1,1,0,1,1,1,1,1,1,1,0,0,0,1,1,1,0,1,1,0,1,0,1,1,1,0,0,1,1,1,1,0,0,1,0,0,0
"250",249,0,1,1,1,1,1,1,0,1,1,0,1,0,1,1,0,1,0,0,1,1,1,1,1,1,1,1,0,1,1,0,1,1,1,1,1,1,1,1,1
"251",250,1,1,0,0,0,0,1,1,0,1,1,0,1,1,1,1,1,1,1,1,1,1,1,1,1,1,1,1,1,1,2,1,0,1,1,1,1,1,1,1
"252",251,1,0,1,1,1,1,0,1,1,0,1,1,1,1,0,1,0,1,1,1,1,0,1,1,1,1,1,1,0,1,0,0,0,1,1,1,0,1,1,1
"253",252,0,1,1,1,0,1,1,0,0,1,1,1,1,1,1,1,1,1,1,1,0,1,1,1,0,1,0,1,1,1,1,1,1,1,1,1,1,1,1,1
"254",253,1,1,1,0,1,1,1,1,1,1,0,1,0,1,1,0,1,1,1,0,1,1,1,1,1,1,1,1,1,0,1,1,2,0,0,1,1,1,0,1
"255",254,1,0,0,1,0,1,1,1,1,1,1,0,1,0,1,0,0,0,0,1,1,0,1,1,1,0,1,1,0,0,1,0,1,1,1,1,0,0,1,0
"256",255,0,1,1,1,1,0,0,1,1,0,1,1,1,1,1,1,1,1,1,1,1,1,0,0,0,0,1,0,1,1,1,1,0,1,1,0,0,1,1,1
"257",256,1,1,1,0,1,1,1,0,0,1,1,1,0,1,1,2,1,0,1,1,1,1,1,1,1,1,0,1,1,1,0,1,1,1,1,1,1,1,1,0
"258",257,1,0,1,1,1,1,1,1,0,1,1,1,1,1,0,1,1,0,1,1,1,1,1,1,1,1,1,1,1,1,1,1,0,0,1,1,2,1,1,1
"259",258,0,1,0,1,1,0,1,1,1,1,1,0,1,1,1,1,1,1,0,0,0,1,0,1,1,1,1,0,1,1,0,1,0,1,1,1,0,0,0,1
"260",259,1,0,0,1,1,1,1,0,2,1,0,0,1,0,0,0,0,2,1,1,1,1,1,1,1,1,1,1,1,1,1,0,1,1,1,1,1,0,1,1
"261",260,1,2,1,1,0,0,0,1,1,0,1,1,0,1,0,0,1,0,1,1,1,1,1,1,1,1,1,1,1,0,1,1,1,1,0,0,1,1,0,1
"262",261,1,0,1,0,1,1,1,1,1,1,1,1,1,1,1,1,1,0,1,1,0,1,1,1,0,0,1,0,0,1,1,1,1,1,1,1,1,1,1,1
"263",262,1,1,1,1,0,1,1,1,0,0,1,1,1,1,1,1,1,1,1,1,1,0,0,0,1,0,1,1,1,1,1,1,1,0,0,1,1,1,0,1
"264",263,1,1,1,0,1,1,1,0,0,1,0,1,1,1,1,1,0,1,1,1,1,1,1,0,1,1,0,1,1,1,1,1,1,1,1,1,0,0,1,1
"265",264,1,0,1,1,0,1,1,1,1,0,1,1,1,0,1,1,1,1,1,0,1,1,1,1,0,1,1,1,1,1,0,1,1,1,1,0,0,0,1,0
"266",265,0,1,0,1,1,0,1,1,1,1,0,1,1,1,1,0,0,0,1,1,1,0,0,1,1,0,1,1,1,1,1,0,0,1,0,1,1,1,1,1
"267",266,0,1,1,1,2,1,0,1,1,1,1,1,0,1,1,1,1,2,1,1,0,1,1,1,1,1,0,1,1,0,1,0,1,0,1,0,1,1,1,1
"268",267,1,1,1,0,0,1,1,0,0,1,1,0,0,0,1,0,1,1,0,1,1,1,1,0,1,1,1,1,1,0,0,1,1,0,1,0,1,1,1,1
"269",268,2,0,1,1,1,1,1,1,0,1,1,1,1,1,0,1,1,0,1,0,0,0,1,0,1,1,1,0,1,1,1,1,1,1,1,1,0,1,0,0
"270",269,0,1,0,1,0,1,0,1,1,0,1,1,1,1,1,1,0,1,0,1,0,1,0,1,1,0,0,1,0,1,1,1,0,1,1,2,1,1,1,1
"271",270,1,1,1,1,0,0,1,0,1,1,0,1,1,1,1,0,1,1,1,1,2,1,1,1,0,1,1,1,1,1,1,1,0,1,0,0,1,1,1,1
"272",271,1,1,1,1,1,1,1,1,1,1,1,1,1,1,0,1,1,1,1,0,1,1,1,1,1,1,1,1,1,0,1,0,1,0,2,1,1,0,0,1
"273",272,1,1,1,1,1,0,0,1,1,1,1,0,1,0,1,1,1,1,1,1,1,1,1,1,1,1,0,1,0,0,1,0,1,1,1,1,1,1,1,1
"274",273,0,0,0,0,0,1,1,1,1,1,1,1,0,1,1,0,0,0,0,1,1,0,0,1,0,0,1,0,1,1,0,1,1,1,0,1,0,1,1,1
"275",274,0,1,1,1,1,1,1,1,1,0,0,0,1,0,1,1,1,0,1,1,0,1,1,1,1,1,0,0,1,1,0,1,1,1,1,1,1,1,1,0
"276",275,1,1,1,1,1,1,0,1,1,1,1,2,1,1,1,1,1,1,1,1,1,1,0,0,0,1,1,1,1,1,2,1,1,0,1,0,1,1,0,0
"277",276,1,1,1,0,1,1,1,0,0,0,0,1,1,1,1,1,0,0,1,1,0,1,1,1,2,1,1,1,1,0,1,1,0,1,0,0,0,0,1,1
"278",277,0,1,1,0,0,0,1,1,1,1,1,0,1,0,0,1,1,1,1,1,0,0,1,1,0,1,1,1,1,1,1,1,1,1,1,1,1,1,1,1
"279",278,2,0,1,1,1,1,1,0,1,1,0,1,1,1,1,0,1,1,1,0,1,1,0,1,1,1,1,1,0,1,0,1,1,1,1,1,1,1,1,0
"280",279,1,1,1,2,2,0,0,1,0,1,1,0,0,1,1,1,1,1,1,1,1,1,1,0,1,1,1,0,1,1,0,0,1,0,1,1,1,0,0,1
"281",280,1,0,0,0,1,1,1,1,1,1,2,1,1,0,0,1,0,1,0,1,1,1,1,1,1,0,0,1,1,1,1,1,1,1,1,1,1,1,1,1
"282",281,0,1,1,1,0,1,1,0,1,1,0,1,1,1,0,1,1,1,1,1,0,0,1,1,0,0,1,1,1,0,1,1,1,1,0,0,1,1,1,1
"283",282,1,1,1,0,1,0,0,1,1,0,1,1,1,1,1,1,0,1,1,0,1,1,1,1,1,1,1,1,0,1,1,0,1,1,0,1,0,1,0,1
"284",283,1,1,0,1,1,1,2,1,1,1,1,0,0,1,1,0,1,1,0,1,1,1,1,1,0,1,1,1,1,1,0,0,0,0,1,1,1,1,1,0
"285",284,1,1,1,1,1,1,0,1,0,1,1,1,1,1,1,1,1,1,1,1,1,1,1,1,1,1,0,0,1,1,1,1,1,1,1,1,0,0,1,0
"286",285,1,1,1,1,1,1,1,0,1,1,1,1,1,1,1,1,1,0,1,1,1,1,0,0,1,0,1,2,1,1,2,1,0,1,1,1,1,1,1,1
"287",286,1,0,1,1,1,0,1,0,0,0,0,1,1,1,1,1,1,1,0,1,1,0,1,1,1,1,1,0,1,1,1,1,1,1,1,0,1,1,0,1
"288",287,0,1,0,0,1,1,1,1,1,1,0,0,1,0,0,1,1,1,1,0,1,1,1,1,0,1,0,1,0,0,0,1,1,0,1,1,1,1,1,1
"289",288,1,1,0,1,0,1,1,1,1,1,1,1,1,1,1,0,0,1,1,1,1,1,1,1,1,1,1,0,1,1,1,1,1,1,1,1,0,0,1,0
"290",289,0,0,1,0,1,1,1,1,1,0,1,0,1,1,0,1,1,1,1,1,0,1,0,0,1,1,1,1,1,1,1,1,1,1,0,0,1,1,1,1
"291",290,1,1,1,1,0,0,0,1,1,1,1,1,0,0,1,0,1,0,0,1,1,1,1,0,0,0,1,1,1,1,1,1,0,0,1,1,1,0,1,1
"292",291,1,0,1,1,1,1,1,1,0,1,1,1,1,0,1,1,0,1,1,0,0,0,1,1,1,1,0,1,0,1,0,1,0,2,1,1,1,1,0,1
"293",292,1,1,1,1,1,1,1,1,1,0,1,1,1,1,1,1,1,1,0,1,1,1,0,1,1,1,1,1,1,0,1,0,1,0,0,0,0,1,1,0
"294",293,1,1,1,1,1,0,1,1,1,0,0,1,1,1,1,0,1,1,1,0,1,0,0,0,0,0,1,0,1,1,1,1,1,1,1,1,1,1,1,1
"295",294,1,1,1,0,0,1,1,0,0,1,1,0,0,1,0,1,0,0,1,1,0,1,1,1,1,1,1,1,0,1,1,0,1,0,1,1,0,0,0,1
"296",295,1,1,1,2,1,1,1,1,0,1,1,1,0,1,1,1,1,1,1,1,1,1,1,1,1,1,1,1,1,1,0,0,1,1,1,1,1,1,1,1
"297",296,0,0,1,0,1,1,0,0,1,1,0,1,1,0,0,1,1,1,0,1,1,1,1,1,1,0,0,1,1,0,1,1,1,1,1,0,1,1,0,0
"298",297,1,1,1,1,1,1,0,1,1,1,1,1,1,1,1,1,1,1,1,0,1,0,1,1,1,1,1,0,0,1,1,2,1,1,0,1,1,1,1,1
"299",298,0,1,0,1,0,0,1,1,1,1,1,1,1,1,1,1,1,1,1,1,0,1,1,1,1,0,1,1,1,1,1,0,0,1,1,0,1,1,1,0
"300",299,1,0,1,0,1,1,1,1,1,1,0,0,1,1,1,0,1,0,1,1,0,0,1,1,1,0,1,1,1,1,1,1,1,0,1,1,0,1,1,1
"301",300,1,1,1,1,0,1,1,1,0,0,1,1,1,1,0,1,0,1,1,1,1,1,1,0,0,1,1,1,1,1,0,1,1,1,0,1,1,0,1,1
"302",301,1,1,1,1,1,1,0,0,1,1,1,0,0,0,1,1,1,1,1,1,1,1,0,0,1,1,0,1,1,0,1,1,1,0,0,1,1,1,0,0
"303",302,0,0,0,0,1,1,1,1,1,1,1,1,1,1,1,0,1,0,1,0,1,0,1,1,0,1,0,0,0,0,0,1,0,1,1,1,1,1,1,1
"304",303,1,1,0,1,0,1,0,1,1,1,1,0,1,1,1,1,0,1,1,1,0,1,1,0,1,0,1,1,1,2,1,0,1,1,1,1,1,0,1,1
"305",304,1,1,1,1,1,0,0,0,0,1,0,1,0,0,1,1,1,1,1,1,1,1,1,1,1,2,1,1,1,0,0,1,1,1,1,1,0,1,1,1
"306",305,1,1,1,1,1,1,2,0,0,0,1,1,1,0,0,1,0,0,0,1,1,1,1,1,1,0,1,1,1,0,1,0,1,1,1,0,1,1,0,1
"307",306,0,0,1,1,1,1,1,1,1,1,0,1,1,1,1,1,1,1,1,0,1,1,1,1,1,1,1,1,1,1,1,1,0,0,1,1,1,1,1,1
"308",307,2,1,0,1,1,0,1,1,1,1,1,1,0,1,1,0,1,1,1,1,0,0,1,1,0,0,1,0,0,2,1,1,1,1,0,1,0,1,1,1
"309",308,0,1,1,0,1,1,1,0,1,0,1,1,1,1,1,1,1,1,1,1,1,1,0,1,1,1,1,1,1,0,1,1,1,1,2,0,1,1,1,1
"310",309,1,1,1,0,0,0,0,1,1,1,1,0,0,0,1,1,1,0,0,0,1,1,1,0,1,1,1,1,0,1,0,1,1,1,0,0,1,0,1,1
"311",310,1,0,1,1,1,1,1,1,1,1,1,1,1,1,0,1,0,1,1,1,1,1,1,1,1,0,0,1,1,1,1,1,1,1,0,1,1,1,0,1
"312",311,1,1,0,0,1,1,1,1,1,1,1,1,1,1,0,1,1,1,1,1,1,1,0,1,0,1,1,1,1,1,1,1,1,0,1,2,0,1,1,0
"313",312,0,0,1,1,1,0,1,1,1,1,0,0,0,1,1,0,1,0,0,0,1,1,1,1,0,0,1,0,1,1,1,0,1,1,1,1,1,0,1,1
"314",313,1,1,1,0,1,1,0,1,0,1,1,1,1,1,1,1,1,1,0,1,0,1,1,1,0,1,0,1,0,1,1,1,0,1,0,0,1,0,1,1
"315",314,1,1,1,1,1,1,1,1,1,0,1,1,1,0,0,1,1,1,1,1,1,0,0,0,1,2,1,1,1,0,0,1,1,1,1,1,1,1,1,1
"316",315,1,1,1,1,1,1,1,0,1,1,1,1,1,1,1,0,1,1,2,1,1,0,0,0,1,1,1,0,1,1,0,1,0,0,1,0,0,1,1,0
"317",316,0,1,0,0,0,0,1,1,1,1,1,1,0,1,1,0,0,0,0,1,0,1,1,1,0,0,1,1,0,1,1,0,0,0,1,0,1,1,0,1
"318",317,1,0,1,1,1,2,1,1,0,0,0,1,1,0,1,1,1,1,1,1,1,1,1,1,2,1,0,1,1,1,1,1,1,1,1,0,1,1,1,1
"319",318,1,1,1,1,1,1,0,1,1,1,0,0,1,1,1,1,0,1,1,1,1,1,0,1,0,1,0,1,1,0,1,0,1,1,0,1,1,1,1,1
"320",319,1,0,1,0,1,1,1,1,1,1,1,1,1,1,0,1,2,0,0,1,1,1,1,0,1,0,1,0,1,1,1,0,1,1,1,1,0,1,0,0
"321",320,0,1,1,1,0,1,0,0,1,1,1,0,1,1,1,1,1,1,1,0,0,1,1,1,1,1,1,0,0,1,0,1,1,0,1,1,1,0,0,1
"322",321,1,1,1,1,0,0,1,1,0,1,1,1,0,0,1,1,0,1,1,0,0,1,1,1,1,1,1,1,0,0,1,1,0,1,0,1,0,1,2,1
"323",322,1,1,1,1,1,1,1,0,1,0,1,1,1,1,1,1,0,1,0,1,2,1,1,1,1,1,1,2,1,1,1,1,1,1,1,1,1,1,0,1
"324",323,0,1,0,1,1,0,1,1,1,1,1,1,0,1,1,0,1,1,1,1,1,0,1,1,1,0,1,1,1,1,1,1,1,1,1,0,1,0,1,0
"325",324,1,0,1,1,1,0,0,1,1,1,0,1,1,1,1,1,1,1,1,1,0,1,0,0,0,1,0,0,1,0,1,1,0,1,1,1,1,1,1,0
"326",325,0,0,1,1,0,1,1,1,1,1,1,1,1,1,1,1,1,1,1,1,0,1,1,1,1,1,2,1,0,1,1,1,1,1,0,1,0,1,1,1
"327",326,1,2,0,1,1,1,1,0,0,1,1,1,0,1,1,1,1,1,1,1,1,1,1,1,0,1,1,0,1,1,1,1,1,0,1,1,1,1,0,1
"328",327,1,0,0,0,1,1,1,1,1,0,1,1,1,0,0,0,1,0,1,0,1,1,1,1,1,0,0,1,1,1,0,1,1,1,1,1,1,1,1,1
"329",328,1,0,1,0,0,1,1,1,1,1,1,0,1,1,1,0,0,1,0,1,1,0,0,1,1,1,1,1,1,1,1,0,0,1,1,1,1,1,0,1
"330",329,0,1,2,1,1,1,1,0,0,0,0,1,1,1,1,1,1,0,1,0,0,1,1,1,0,0,1,1,1,0,0,1,0,1,1,0,0,1,1,1
"331",330,1,1,0,1,1,1,1,1,0,0,1,1,1,1,1,1,1,0,1,1,1,1,1,1,0,1,0,0,1,1,1,1,1,0,1,0,1,1,1,1
"332",331,1,1,1,1,1,0,1,1,1,2,0,1,1,1,1,1,1,1,1,1,1,1,1,1,1,1,0,1,1,1,1,1,1,1,0,1,1,1,1,0
"333",332,1,1,1,0,2,1,0,1,2,1,1,1,1,1,0,0,0,1,1,1,1,0,1,0,1,1,1,1,0,1,0,0,1,1,0,2,0,0,1,1
"334",333,1,1,1,1,0,1,1,0,0,0,1,1,0,0,1,1,1,1,1,1,0,1,1,1,1,1,1,0,1,1,1,1,1,1,1,0,1,1,0,1
"335",334,1,1,1,1,1,0,1,1,1,1,1,0,0,0,1,1,1,1,0,1,1,0,1,0,1,1,1,1,1,1,1,1,1,1,1,0,1,0,1,1
"336",335,1,0,1,1,0,1,0,0,1,1,0,1,1,1,0,1,1,1,1,0,1,1,0,1,1,0,1,1,0,0,1,0,1,0,1,1,1,1,1,0
"337",336,0,1,0,1,0,0,0,1,0,0,1,1,1,1,1,1,1,0,1,1,1,1,1,0,1,1,0,1,1,1,1,1,1,1,1,1,1,1,1,0
"338",337,1,1,1,0,1,1,1,1,1,1,1,1,1,1,0,0,0,0,1,1,1,1,1,1,1,1,1,0,1,1,1,0,1,1,0,0,0,1,1,1
"339",338,1,1,0,1,1,1,2,1,1,0,1,1,1,1,1,1,1,1,1,0,1,0,0,0,1,1,1,1,1,0,0,1,0,1,1,1,1,1,1,1
"340",339,1,0,1,1,1,1,1,0,1,1,1,1,1,1,1,1,0,1,1,1,1,1,1,2,0,1,0,1,1,1,0,1,0,1,1,1,1,0,1,1
"341",340,0,1,1,0,1,1,0,1,0,0,1,0,1,1,1,1,1,1,0,0,1,1,1,1,1,0,1,1,0,1,1,1,1,0,1,1,1,1,0,0
"342",341,1,1,1,1,1,0,1,1,0,1,1,0,1,0,1,1,1,1,0,2,0,1,1,0,1,1,1,1,0,1,1,1,0,1,1,0,0,1,1,1
"343",342,1,0,1,1,0,1,1,0,1,1,0,1,1,1,0,0,1,1,1,0,0,1,1,1,1,1,1,1,1,0,1,1,1,1,1,1,1,0,0,1
"344",343,1,1,0,0,0,1,0,1,2,1,0,1,0,0,1,1,1,1,1,1,1,0,1,1,0,0,1,0,1,1,1,0,1,1,1,1,1,0,1,1
"345",344,1,1,1,1,1,1,1,1,1,1,1,1,1,1,1,0,0,0,1,1,1,1,0,1,1,1,0,1,1,0,1,1,1,0,0,1,1,1,1,1
"346",345,0,1,1,1,1,1,1,0,1,1,1,0,1,1,1,1,1,1,1,1,1,1,1,0,1,0,1,1,1,1,1,0,1,0,1,0,1,1,1,1
"347",346,1,1,1,1,1,1,0,1,0,1,1,1,1,0,1,0,1,1,1,1,1,1,1,1,1,1,1,1,0,1,0,1,1,1,1,1,0,1,0,1
"348",347,1,0,1,0,1,1,1,1,1,1,0,1,1,1,0,1,1,0,0,1,1,0,1,1,1,0,0,0,1,0,0,1,0,2,0,1,0,1,1,0
"349",348,1,1,0,1,1,1,0,1,1,0,1,1,0,1,0,1,1,1,1,1,0,1,1,1,0,1,0,1,1,1,1,0,1,0,1,1,2,1,1,0
"350",349,1,1,1,1,1,0,1,0,1,0,0,1,1,1,1,1,1,1,1,0,1,0,1,1,1,2,1,1,0,1,1,1,0,1,1,1,0,1,1,1
"351",350,0,1,0,1,0,0,1,1,0,1,1,1,1,1,1,1,0,1,1,1,1,1,1,1,1,1,1,1,1,1,1,1,2,1,1,0,1,1,0,1
"352",351,1,1,1,0,1,1,1,1,0,1,1,0,1,0,1,0,1,1,0,1,1,0,0,1,0,1,1,0,1,1,0,1,0,1,0,1,0,1,1,1
"353",352,1,1,1,1,0,1,1,0,1,1,1,1,1,1,1,1,1,1,1,1,0,1,0,0,1,1,1,1,1,1,1,1,1,1,1,1,1,1,1,0
"354",353,1,0,1,1,1,1,1,1,1,0,0,1,0,0,0,1,0,1,1,0,0,1,1,1,1,0,0,1,1,0,1,1,1,0,0,1,1,0,1,1
"355",354,0,1,1,1,1,1,0,1,1,2,1,1,1,1,1,1,1,0,1,1,1,1,1,0,0,0,1,0,0,0,0,0,1,0,1,0,1,0,0,1
"356",355,1,1,1,1,0,0,1,1,1,0,1,1,1,1,0,1,0,1,0,1,1,1,1,0,1,1,1,1,1,1,1,1,1,1,1,0,1,1,1,0
"357",356,1,0,0,1,1,1,1,0,1,1,1,1,1,1,1,0,1,0,1,1,0,0,1,1,1,1,0,0,1,1,1,1,1,1,1,1,1,1,1,1
"358",357,1,0,1,0,1,0,0,1,1,0,1,0,0,0,1,1,1,1,1,0,1,0,1,1,1,1,1,1,1,1,0,0,0,1,1,1,0,0,0,1
"359",358,0,1,1,1,1,1,1,1,1,1,0,1,1,1,0,1,1,1,0,1,1,1,0,1,0,1,1,2,0,1,1,1,1,1,0,1,0,2,1,1
"360",359,1,1,1,1,1,2,1,1,0,2,1,0,0,0,1,0,0,1,1,1,1,1,1,1,1,1,1,0,1,1,1,0,1,0,1,0,2,0,1,1
"361",360,0,1,0,1,0,0,1,0,1,1,1,1,1,1,1,1,1,1,1,0,1,1,1,1,1,0,0,1,0,0,1,1,1,1,0,1,1,1,1,1
"362",361,1,1,0,0,1,1,1,1,1,0,0,1,1,1,1,1,0,1,0,0,0,2,1,1,1,1,1,0,1,1,1,1,0,1,1,0,0,1,1,1
"363",362,1,1,1,1,1,1,1,1,1,1,1,1,0,1,1,1,2,1,1,1,2,0,0,1,1,0,1,1,1,1,1,2,1,0,1,1,1,1,1,1
"364",363,0,1,1,1,1,1,0,1,0,0,1,0,1,1,1,1,1,1,1,2,1,1,1,0,0,1,0,1,1,0,0,0,1,1,1,1,1,0,1,0
"365",364,1,0,1,1,0,1,1,1,1,1,1,1,1,0,1,1,0,0,1,1,0,1,1,1,0,1,1,1,1,1,1,1,1,1,1,1,1,1,0,1
"366",365,1,1,1,1,0,1,1,1,0,1,1,1,1,1,0,0,1,1,0,1,1,1,1,0,1,1,1,1,1,1,1,0,1,1,1,0,0,1,1,0
"367",366,1,1,1,0,1,0,1,0,1,0,0,1,1,1,1,1,1,1,1,1,0,0,1,1,1,0,1,0,0,1,0,0,1,1,0,1,1,1,1,1
"368",367,1,0,1,1,1,1,0,1,1,1,1,1,0,1,1,1,0,1,1,0,1,1,0,1,1,1,1,2,1,1,1,1,0,0,1,1,0,1,1,1
"369",368,0,1,0,1,0,1,1,1,1,1,1,1,1,1,1,1,1,0,1,1,1,0,0,1,0,1,1,1,1,1,1,1,1,1,0,1,1,1,1,1
"370",369,1,1,1,0,2,0,1,0,1,1,1,1,1,1,1,1,1,1,1,1,1,1,1,1,1,1,1,0,1,1,1,1,0,1,1,1,1,0,1,1
"371",370,1,0,1,1,1,1,0,1,1,0,1,0,0,1,0,0,1,1,0,1,1,1,1,1,1,1,0,1,0,0,1,1,1,1,1,0,1,1,0,1
"372",371,0,1,1,0,0,1,1,0,1,1,0,0,1,0,1,1,1,0,0,1,1,1,1,0,1,1,1,1,1,1,0,0,1,1,1,1,1,1,1,0
"373",372,1,1,1,1,1,1,1,0,0,1,0,1,1,1,1,0,1,1,1,0,0,0,1,1,1,1,1,1,1,1,1,1,1,1,0,1,0,1,1,1
"374",373,1,0,0,1,1,1,0,1,1,1,1,0,1,0,0,1,1,1,1,1,1,1,1,1,1,0,1,0,1,1,0,1,1,0,1,1,1,0,1,1
"375",374,1,1,1,1,0,0,1,1,1,1,1,1,1,1,1,1,0,1,1,1,1,1,1,1,1,1,1,1,1,0,1,1,1,1,1,1,1,1,0,1
"376",375,1,1,1,0,1,0,1,1,0,1,1,1,0,1,1,0,1,0,1,1,1,0,0,0,0,0,0,1,0,1,0,1,0,0,0,0,0,0,1,0
"377",376,0,1,0,1,1,1,1,1,1,1,1,1,1,0,1,1,1,1,1,1,0,1,1,1,1,0,1,1,1,1,1,1,0,1,1,1,1,0,1,1
"378",377,1,1,1,1,1,1,0,1,1,0,1,1,1,1,1,1,0,1,1,1,1,1,1,1,1,1,1,0,1,1,1,0,1,1,1,1,1,1,0,1
"379",378,1,1,0,1,0,1,1,0,1,1,1,1,0,1,0,1,1,0,0,0,1,1,0,1,1,1,0,1,1,1,1,1,1,1,1,1,1,1,0,1
"380",379,0,0,1,1,1,1,1,1,1,1,0,1,1,0,1,1,1,1,1,1,0,1,1,1,0,1,1,1,0,1,0,1,1,1,1,1,0,1,1,1
"381",380,1,0,1,1,0,1,1,1,1,1,1,1,1,1,1,0,1,2,1,1,1,0,1,1,1,0,1,1,1,1,1,1,0,0,1,0,0,1,1,1
"382",381,1,1,1,1,1,1,1,1,0,1,1,0,0,0,0,1,1,0,1,1,1,1,1,1,1,1,1,0,1,0,1,1,2,1,0,1,1,1,1,1
"383",382,1,1,1,0,2,1,0,0,1,0,0,1,1,1,0,0,1,0,1,0,1,1,0,0,1,2,1,1,1,1,0,0,1,1,1,1,2,0,1,1
"384",383,1,1,1,1,0,0,1,1,1,1,1,1,1,1,1,1,0,1,1,1,0,1,1,1,1,0,0,1,0,0,1,1,0,1,1,1,1,1,1,0
"385",384,0,0,1,0,1,1,1,1,1,1,1,0,0,1,2,1,1,1,0,1,1,1,1,1,1,1,0,1,1,0,1,1,0,1,1,1,0,0,0,1
"386",385,1,1,0,1,1,1,1,1,1,0,1,1,1,1,1,1,1,1,1,0,1,1,1,1,0,1,1,1,0,1,1,1,1,0,0,1,1,1,1,1
"387",386,1,1,1,1,1,1,1,1,0,1,1,1,0,1,0,1,0,1,1,1,1,1,1,0,0,0,1,1,1,1,1,1,1,0,1,0,1,1,1,0
"388",387,1,0,1,1,0,0,0,0,1,1,0,1,1,1,1,0,1,0,1,1,0,1,0,0,1,0,1,0,1,1,1,1,1,1,1,1,1,1,1,1
"389",388,1,1,1,1,1,1,1,1,1,0,1,1,0,1,1,1,1,1,1,0,0,0,1,1,1,1,1,0,1,1,0,0,1,1,1,1,1,1,1,1
"390",389,0,1,1,1,1,1,0,1,1,1,1,0,1,1,1,0,0,1,0,1,1,1,1,1,0,1,0,1,1,1,1,1,1,0,1,1,0,1,1,1
"391",390,1,0,0,0,1,0,1,1,1,1,0,1,1,1,1,1,1,1,1,1,1,1,0,1,1,1,1,0,1,0,1,1,0,1,1,1,1,1,0,0
"392",391,1,1,1,0,0,1,1,1,0,1,1,1,1,0,1,1,0,1,0,1,1,0,1,1,1,0,0,1,1,1,1,1,1,1,1,0,0,0,1,1
"393",392,0,1,0,1,1,1,1,0,1,1,1,0,1,1,1,1,1,1,1,1,1,1,1,0,1,1,1,2,0,1,0,0,1,1,0,1,1,1,0,1
"394",393,1,0,1,1,0,1,0,1,1,0,0,1,1,1,0,1,1,1,1,1,1,1,0,1,0,1,1,1,1,0,1,0,1,1,0,1,1,1,1,1
"395",394,1,1,0,1,1,1,1,1,0,1,1,1,1,1,0,1,1,1,0,0,1,1,1,1,1,1,1,0,1,1,1,2,0,0,1,1,1,1,1,1
"396",395,1,1,1,1,1,1,0,1,1,1,1,0,0,0,1,0,1,0,1,1,0,1,1,1,1,1,1,1,0,1,1,0,1,0,1,0,0,1,1,0
"397",396,1,1,1,0,1,0,1,0,1,0,1,0,1,1,1,0,1,1,1,0,0,1,1,0,1,1,1,0,1,1,0,1,1,1,1,1,1,0,1,1
"398",397,0,1,1,1,1,0,1,1,0,1,0,2,1,1,1,1,1,1,1,0,2,1,1,1,1,1,0,0,1,1,0,1,1,1,1,0,1,1,0,1
"399",398,1,0,1,1,1,0,0,1,1,0,2,1,1,1,1,1,0,1,1,1,1,0,0,1,1,1,1,1,1,1,1,1,0,1,1,1,1,0,1,0
"400",399,1,1,1,1,0,1,1,0,0,1,1,1,0,0,1,1,0,1,1,2,1,1,0,0,0,0,1,1,1,1,1,1,1,1,1,1,1,1,0,1
"401",400,1,1,1,0,1,1,1,0,1,2,1,0,1,1,1,1,1,0,1,1,0,1,1,1,1,1,0,1,0,1,0,0,1,1,1,1,0,1,1,1
"402",401,1,1,1,1,1,1,1,2,1,1,0,1,1,1,0,1,2,1,0,0,1,1,1,1,0,1,1,1,1,0,1,1,1,1,0,1,1,1,1,1
"403",402,1,1,0,1,1,1,0,1,1,0,0,0,1,0,1,1,0,1,1,1,1,0,0,1,1,1,1,1,1,1,1,1,1,1,1,1,0,1,1,0
"404",403,0,1,1,0,1,1,1,0,1,1,1,1,1,0,1,0,1,1,0,0,0,0,1,1,1,0,1,1,0,1,1,1,0,0,1,0,0,0,1,1
"405",404,1,0,1,1,1,1,1,1,1,1,1,1,1,1,1,1,0,1,1,1,1,1,1,1,0,1,1,0,1,1,1,0,1,1,0,1,1,1,1,1
"406",405,0,1,0,1,0,1,1,0,1,0,1,1,0,1,0,0,1,1,1,1,1,1,0,1,1,1,0,1,1,1,1,1,1,0,1,0,1,0,0,1
"407",406,1,1,0,1,1,0,1,1,1,1,1,0,1,1,1,1,1,0,0,0,1,1,1,0,1,1,1,0,1,0,1,0,1,1,0,1,1,1,1,0
"408",407,1,1,1,1,1,1,1,1,0,1,1,1,1,1,1,1,0,0,2,1,1,1,1,1,1,1,0,1,1,1,0,1,0,0,1,1,1,1,1,1
"409",408,1,1,1,1,1,1,1,1,0,1,1,1,1,1,1,1,1,1,0,1,1,0,0,1,0,1,1,1,0,1,0,0,1,1,1,1,1,1,1,1
"410",409,1,0,1,0,0,1,0,0,1,0,0,0,0,0,0,1,0,1,1,1,1,1,1,1,1,0,1,0,0,1,1,1,1,1,1,1,0,1,0,1
"411",410,1,1,1,1,1,1,1,1,1,1,1,1,1,1,1,1,1,0,1,1,0,1,1,0,1,1,1,1,1,0,0,1,1,1,1,0,1,0,1,0
"412",411,0,1,1,0,1,1,0,1,1,1,1,1,1,1,1,0,1,1,1,1,1,1,1,0,1,1,0,1,1,0,1,1,0,0,0,1,1,1,1,1
"413",412,1,0,0,1,0,1,1,1,1,1,0,1,1,1,0,1,1,1,0,0,0,0,1,0,1,0,1,1,0,1,1,1,1,1,0,1,1,1,0,1
"414",413,0,1,1,1,1,0,1,1,1,1,0,1,1,0,1,1,1,1,1,1,1,1,1,0,1,1,1,0,1,1,1,1,1,1,1,0,1,1,1,0
"415",414,1,1,1,1,1,1,0,0,1,1,1,1,0,1,1,1,1,1,1,1,1,1,1,0,1,1,1,0,1,1,1,1,1,1,1,1,1,0,1,1
"416",415,1,1,0,1,0,0,1,1,1,1,1,0,1,1,1,1,0,1,1,1,1,1,1,0,1,0,1,1,1,1,0,0,0,1,1,2,1,1,1,1
"417",416,0,1,1,1,1,2,1,1,0,0,1,0,0,0,0,0,1,0,1,1,0,1,1,0,0,1,1,1,1,1,1,1,1,0,1,0,0,0,1,0
"418",417,1,0,1,0,2,0,0,1,1,1,1,1,1,1,0,1,1,1,1,1,1,1,0,0,1,1,1,1,1,1,1,0,1,1,1,1,1,1,0,1
"419",418,1,1,1,1,1,0,1,0,0,1,1,1,1,1,1,1,0,1,0,0,1,0,1,0,0,1,1,1,0,0,1,1,0,1,1,1,0,1,1,1
"420",419,1,0,1,1,0,2,1,0,1,1,0,1,1,1,1,1,1,1,1,1,1,1,0,0,1,1,1,1,1,1,1,1,1,1,1,0,1,1,1,1
"421",420,0,1,1,0,1,1,1,1,1,0,1,1,1,1,0,0,1,1,1,0,0,1,0,0,1,1,0,1,1,1,1,0,1,1,0,1,1,1,1,1
"422",421,1,1,0,1,1,0,1,1,1,1,0,1,1,1,1,1,0,0,0,1,0,0,1,0,1,1,0,0,0,0,1,1,1,0,1,1,1,0,0,0
"423",422,0,1,1,1,0,1,1,1,1,0,1,1,1,0,1,1,1,1,1,1,2,1,1,0,1,1,1,1,1,1,0,1,0,1,0,0,1,1,0,1
"424",423,1,1,1,1,0,1,1,1,0,1,1,0,1,1,1,1,1,1,1,1,1,1,1,0,0,1,1,1,1,1,1,0,1,0,1,1,1,0,1,0
"425",424,1,1,1,1,1,1,1,1,1,0,0,1,1,1,1,1,1,1,1,1,0,1,1,0,0,0,1,1,1,0,1,1,1,1,1,1,0,1,1,1
"426",425,1,1,1,0,1,0,1,1,1,1,1,1,0,1,1,0,1,0,0,1,1,0,1,0,1,1,1,1,1,0,0,1,0,0,0,1,1,1,1,1
"427",426,0,1,1,1,1,1,0,1,1,1,1,1,1,0,0,1,0,1,1,0,0,1,1,0,1,1,1,0,0,1,1,1,1,1,1,1,0,1,1,0
"428",427,1,1,0,0,0,0,0,1,1,1,1,0,0,1,1,1,1,1,1,1,1,0,1,0,0,0,1,1,1,1,1,1,0,1,1,1,1,1,1,1
"429",428,1,0,1,1,1,2,1,0,0,1,0,1,1,1,1,1,1,1,1,1,1,1,1,0,1,1,0,1,1,1,1,1,1,1,0,0,1,0,1,1
"430",429,1,1,1,1,1,0,0,0,1,0,1,1,1,0,1,1,0,1,0,0,0,1,1,0,1,1,1,0,1,1,1,0,1,0,1,0,1,1,0,2
"431",430,1,1,1,0,1,0,1,0,1,1,1,0,1,1,0,1,1,0,1,1,1,1,0,0,1,1,1,0,1,0,1,1,1,1,1,1,1,1,0,0
"432",431,1,0,0,1,0,2,1,1,0,1,1,1,1,0,1,0,1,0,1,1,1,0,1,0,1,0,0,1,0,1,0,1,1,1,1,1,0,0,1,0
"433",432,1,1,0,1,1,1,1,1,1,0,1,1,1,1,1,0,1,1,1,0,1,1,1,0,1,1,1,1,1,1,1,1,1,1,1,1,1,1,1,1
"434",433,0,1,1,1,1,1,1,1,1,1,0,1,0,1,0,1,1,1,1,1,1,1,1,0,1,1,0,0,0,1,0,0,0,1,0,0,1,1,1,1
"435",434,0,1,1,1,1,0,1,1,1,0,0,1,1,1,1,1,0,1,0,1,0,1,1,0,1,1,1,1,1,1,1,1,1,1,0,2,1,0,1,1
"436",435,1,1,1,1,1,1,1,0,0,1,1,0,0,1,1,1,1,1,1,0,0,2,0,1,0,1,1,1,1,0,1,1,0,0,1,0,1,1,1,1
"437",436,1,1,1,0,1,1,1,1,1,1,1,1,1,1,1,1,1,1,0,1,0,0,0,0,1,1,1,1,1,0,1,1,1,1,1,1,0,1,1,1
"438",437,1,0,1,0,1,1,1,1,1,1,1,1,1,1,1,1,0,1,1,1,1,0,1,1,1,1,1,1,1,1,0,0,0,1,1,1,1,0,1,1
"439",438,0,1,0,1,0,0,0,1,1,1,1,1,1,0,0,1,1,1,1,0,1,1,1,0,0,1,1,0,0,1,0,1,1,1,1,0,1,1,0,1
"440",439,1,1,0,1,1,1,1,1,1,1,1,1,1,1,1,1,1,0,1,1,0,1,0,1,0,0,1,1,1,1,1,1,2,0,1,1,0,1,1,1
"441",440,1,0,1,1,0,1,0,1,0,1,1,1,0,1,1,0,1,1,1,1,1,1,1,1,1,1,1,1,1,1,2,1,0,1,1,1,1,1,1,1
"442",441,0,1,1,1,1,0,1,1,1,0,0,0,1,1,1,1,1,1,1,1,1,0,2,0,1,1,0,1,1,1,1,0,1,0,1,1,1,1,0,0
"443",442,0,0,1,1,1,1,1,0,1,1,1,1,1,1,1,1,1,1,1,1,1,1,0,1,1,1,1,1,1,1,0,1,0,2,0,0,1,1,1,1
"444",443,0,1,1,0,1,1,1,1,1,1,1,0,0,0,1,1,0,0,0,0,1,1,1,1,1,0,1,1,0,1,1,1,1,1,1,2,1,0,1,0
"445",444,0,1,1,0,1,0,0,1,1,0,0,1,0,1,0,1,1,1,0,1,1,1,1,0,1,1,1,1,1,1,1,1,1,0,1,0,0,1,1,1
"446",445,0,0,1,1,0,1,1,1,0,1,1,1,1,1,1,1,0,1,1,1,0,1,1,0,0,1,1,0,1,1,0,1,1,1,1,1,1,1,1,1
"447",446,0,1,1,0,1,1,1,0,1,1,1,1,1,0,1,0,1,1,1,1,1,0,1,0,1,1,0,1,1,0,1,1,1,0,0,1,1,1,0,0
"448",447,1,1,1,1,1,1,0,1,0,1,1,0,1,1,1,0,1,1,1,0,1,1,1,0,1,1,1,1,0,1,1,0,0,1,1,1,0,1,1,0
"449",448,1,1,0,1,1,0,1,1,1,1,1,1,0,1,1,1,1,1,1,1,0,1,0,1,1,1,0,1,1,1,1,1,1,1,1,0,1,0,1,1
"450",449,0,1,1,1,1,0,1,0,1,0,0,1,1,1,0,1,0,0,1,1,0,0,1,0,1,0,1,0,1,1,0,0,0,1,1,1,1,1,0,1
"451",450,0,1,1,1,1,1,1,1,1,1,0,1,1,1,0,1,1,1,0,1,0,1,1,0,1,0,1,1,1,0,1,1,2,0,0,1,1,1,1,1
"452",451,0,0,1,1,1,1,1,1,0,1,1,1,1,0,1,1,0,1,1,1,0,1,1,1,0,1,1,0,0,0,1,1,1,1,1,1,1,1,1,1
"453",452,0,0,1,0,0,1,1,1,1,1,1,1,1,1,1,1,2,1,0,0,0,1,0,0,1,1,1,1,1,1,1,1,0,1,1,1,0,0,0,1
"454",453,2,1,0,1,1,0,1,1,0,1,1,0,1,1,1,1,1,0,1,1,0,0,1,0,0,1,1,1,1,1,1,1,1,1,1,0,0,0,1,0
"455",454,0,1,1,1,1,1,0,0,1,1,1,1,1,1,1,0,1,1,1,1,1,1,1,0,1,1,1,1,0,1,1,0,1,0,0,1,1,1,1,1
"456",455,0,1,1,1,1,1,1,1,1,1,1,1,1,0,0,1,0,1,1,0,0,0,0,0,0,0,0,1,1,1,1,1,1,1,0,0,1,1,1,1
"457",456,0,1,0,1,1,1,1,1,1,0,1,1,0,1,1,0,1,0,1,1,0,1,1,0,1,1,1,1,0,1,0,1,0,1,1,1,1,0,0,0
"458",457,0,0,1,0,1,1,1,1,1,0,0,1,0,1,1,1,0,1,1,0,1,0,1,0,1,1,1,0,1,0,1,1,1,1,1,1,1,1,1,1
"459",458,0,1,1,1,0,1,0,0,1,1,1,0,1,1,1,1,1,1,0,1,1,1,1,0,1,1,0,1,1,1,1,0,1,0,1,1,1,0,1,1
"460",459,0,1,0,0,0,1,0,1,1,1,1,1,1,1,1,1,1,1,0,1,0,2,0,0,1,0,1,0,1,0,1,1,1,1,1,0,1,1,1,1
"461",460,0,0,0,1,1,0,1,1,1,1,0,1,1,0,1,1,1,1,1,1,0,0,1,0,0,1,1,1,0,1,0,0,0,1,1,1,1,0,1,0
"462",461,0,1,1,1,1,0,1,1,0,0,1,1,1,1,1,1,1,1,1,1,0,1,1,0,1,1,1,1,1,1,1,2,1,1,1,0,1,0,0,1
"463",462,0,0,1,1,1,1,1,0,1,1,1,0,1,1,1,0,1,1,1,1,1,0,1,0,1,1,0,1,1,1,1,0,0,1,1,1,0,1,0,1
"464",463,0,1,1,0,1,1,1,1,1,0,0,0,0,1,0,1,1,0,1,1,0,1,0,1,0,1,1,1,1,0,1,1,1,0,0,1,1,0,1,1
"465",464,0,1,1,1,1,1,1,0,1,1,1,1,1,1,0,1,0,1,1,0,0,1,1,0,1,0,1,0,0,1,0,1,1,0,1,1,0,0,1,1
"466",465,0,1,1,1,0,1,1,1,1,2,1,1,1,0,1,1,1,1,0,1,0,0,1,0,1,1,1,1,1,1,1,1,1,1,1,0,1,0,1,0
"467",466,0,0,1,1,1,1,0,1,0,1,1,1,1,1,1,0,1,0,1,1,1,0,1,0,1,1,0,1,0,0,1,1,1,1,1,1,1,0,1,1
"468",467,0,1,1,1,0,0,1,1,1,0,1,1,0,1,1,1,1,1,0,1,1,0,0,0,1,0,0,1,1,0,1,1,1,0,1,1,1,0,0,1
"469",468,0,1,0,1,1,1,1,1,0,1,0,1,1,0,0,1,0,1,1,1,0,0,1,0,0,1,1,0,1,0,1,1,1,1,0,1,0,0,1,0
"470",469,0,1,1,1,1,1,1,1,1,1,1,1,0,0,1,1,1,1,0,1,1,0,1,0,1,1,1,1,1,0,0,0,1,1,0,1,0,0,1,1
"471",470,0,1,1,0,0,1,1,0,1,1,1,0,1,1,1,1,1,1,1,0,1,0,0,0,1,1,0,0,1,0,1,0,0,1,1,0,0,1,1,1
"472",471,0,1,1,1,1,0,0,0,1,0,0,0,1,1,1,0,1,0,1,1,0,0,1,1,1,1,1,1,0,1,0,1,0,1,1,1,0,1,1,0
"473",472,0,0,0,1,0,1,0,1,0,1,0,0,1,1,1,1,0,1,1,1,0,1,1,0,0,1,1,1,0,1,1,1,1,0,1,1,0,1,1,1
"474",473,0,0,0,0,2,1,1,0,1,1,1,0,1,1,1,0,0,0,1,0,0,0,1,1,1,0,1,1,0,0,1,1,1,1,1,1,0,0,1,1
"475",474,0,1,1,1,1,1,1,1,1,0,1,0,0,0,0,1,1,1,0,0,1,1,0,0,1,0,0,0,0,0,0,1,0,0,1,1,0,0,0,0
"476",475,0,1,1,1,0,1,1,1,1,0,1,0,1,0,1,1,1,0,1,0,0,1,1,0,1,1,1,1,0,1,1,0,1,1,0,1,0,1,1,1
"477",476,0,1,1,0,1,0,0,1,0,1,1,0,1,0,1,1,1,1,1,0,0,0,1,0,1,1,1,1,0,1,0,0,1,1,1,1,0,1,0,1
"478",477,0,1,1,1,1,0,1,1,1,1,0,0,1,0,1,1,1,1,0,0,0,0,1,0,0,1,1,1,0,0,1,1,1,1,0,1,0,1,1,1
"479",478,0,1,1,1,0,1,2,0,1,1,1,0,0,0,0,1,1,1,1,0,0,0,1,0,1,1,1,0,0,1,1,1,1,0,1,0,0,0,0,0
"480",479,0,0,1,0,1,1,1,1,1,0,1,0,1,0,1,0,0,1,1,0,0,0,1,0,1,1,1,1,0,0,0,0,0,1,1,1,0,1,1,1
"481",480,0,1,1,2,0,1,1,1,1,1,1,0,1,0,1,0,1,0,1,0,0,0,1,0,0,0,1,0,0,1,1,1,1,1,1,1,0,0,1,1
"482",481,0,1,0,1,1,1,0,1,1,1,1,0,0,0,0,1,1,1,0,0,0,1,1,0,1,0,1,2,0,1,1,2,0,1,0,0,0,0,1,1
"483",482,0,1,1,1,1,1,0,1,1,1,0,0,1,0,1,1,0,1,0,0,0,1,0,0,1,1,0,0,0,0,1,0,1,1,2,1,0,0,1,1
"484",483,0,1,1,0,1,1,1,0,0,1,0,0,1,0,0,0,0,1,1,0,0,0,1,1,1,1,1,1,0,0,1,0,1,1,0,1,0,0,1,0
"485",484,0,1,1,1,1,0,1,1,1,0,0,0,1,0,1,1,0,1,1,0,0,0,1,1,1,1,1,1,0,1,1,1,0,0,0,0,0,0,0,1
"486",485,0,0,1,0,1,1,1,0,1,0,0,0,1,0,1,1,0,0,1,0,0,0,0,1,1,1,0,1,0,0,0,1,1,1,1,1,0,0,1,1
"487",486,0,0,1,0,1,1,1,1,1,1,0,0,0,0,1,1,0,1,0,0,0,0,0,1,0,0,1,1,0,1,0,1,2,1,1,0,0,1,0,1
"488",487,0,0,1,1,0,1,1,1,0,2,0,0,1,0,1,0,0,1,1,0,0,0,1,0,1,1,0,1,0,1,1,1,1,1,1,1,0,0,1,1
"489",488,0,1,0,2,1,0,0,1,1,0,0,0,1,0,1,1,0,0,1,0,0,0,1,1,1,0,1,1,0,0,1,1,1,1,1,1,0,1,1,1
"490",489,0,1,1,0,1,1,1,1,0,1,0,0,0,0,0,1,0,1,1,0,0,0,1,1,0,1,1,1,0,0,1,1,1,1,1,1,0,1,1,1
"491",490,0,1,1,1,1,1,1,1,1,1,0,0,1,0,1,1,0,1,1,0,0,0,1,0,0,1,1,0,0,0,1,0,0,1,1,1,0,1,1,1
"492",491,0,1,0,1,1,1,1,0,1,1,0,0,1,0,1,1,0,1,1,0,0,0,1,0,1,1,1,1,0,0,1,1,1,0,0,1,0,0,1,0
"493",492,0,1,0,0,1,1,0,0,1,0,0,0,1,0,0,1,0,1,1,0,0,0,1,1,1,1,1,1,0,1,1,1,1,1,1,1,0,1,0,1
"494",493,0,0,1,1,0,0,1,1,0,1,0,0,1,0,0,1,0,0,0,0,0,0,1,1,0,1,1,1,0,0,1,1,0,0,0,0,0,1,0,1
"495",494,0,0,1,1,1,1,0,1,1,1,0,0,1,0,1,1,0,1,1,0,0,0,1,0,1,1,0,0,0,0,1,1,1,1,1,1,0,0,1,1
"496",495,0,1,1,1,1,1,0,1,0,1,0,0,0,0,1,0,0,1,1,0,0,0,0,1,2,0,1,1,0,1,0,1,1,1,0,1,0,1,1,0
"497",496,0,1,1,1,1,1,0,1,0,0,0,0,1,0,0,1,0,1,1,0,0,0,1,0,1,1,1,1,0,1,1,1,1,1,1,0,0,1,1,0
"498",497,0,1,0,0,0,1,0,1,0,1,0,0,1,0,1,1,0,1,0,0,0,0,0,0,1,1,0,0,0,0,0,0,0,0,1,1,0,0,1,1
"499",498,0,0,1,1,1,1,0,1,0,1,0,0,1,0,0,0,0,0,1,0,0,0,1,1,1,1,1,1,0,1,1,0,1,1,1,0,0,0,1,1
"500",499,0,1,1,1,1,0,0,0,0,0,0,0,0,0,1,1,0,1,0,0,0,0,1,1,0,1,1,1,0,0,1,1,1,1,1,1,0,0,0,1
"501",500,0,1,1,1,0,1,0,1,0,1,0,0,1,0,2,1,0,1,1,0,0,0,1,1,1,1,1,0,0,0,1,1,1,1,1,1,0,0,2,1
"502",501,1,1,1,0,1,0,0,0,0,1,0,0,1,0,1,1,0,0,1,0,0,0,1,0,0,1,0,1,0,0,0,1,1,1,1,1,0,0,0,0
"503",502,0,1,0,0,0,1,0,1,0,1,0,0,1,0,0,1,0,1,1,0,0,0,0,0,1,0,1,1,0,1,1,0,0,0,1,1,0,0,1,1
"504",503,0,1,1,1,1,0,0,1,0,0,0,0,1,0,1,0,0,1,1,0,0,0,0,0,0,1,1,1,0,2,1,1,0,1,1,1,0,0,1,1
"505",504,0,0,1,1,1,1,0,0,0,1,0,0,0,0,1,1,0,0,0,0,0,1,1,1,1,1,1,1,0,0,1,1,1,1,1,1,0,0,0,1
"506",505,0,1,1,1,1,1,0,0,0,1,0,0,1,0,0,0,0,0,0,0,0,0,2,0,2,0,1,0,0,0,1,0,1,0,0,0,0,0,0,0
"507",506,1,1,1,1,1,1,0,1,0,1,0,0,1,0,1,1,0,1,1,0,0,0,0,1,0,1,1,1,0,1,1,1,1,1,1,1,0,0,1,0
"508",507,0,1,1,1,1,1,0,2,0,1,0,0,1,0,1,1,0,0,1,0,0,0,1,1,1,0,1,1,0,0,0,1,1,1,0,1,0,0,2,1
"509",508,0,0,1,1,0,1,0,1,0,1,0,0,1,0,1,1,0,0,1,0,0,1,1,0,1,2,0,0,0,0,1,1,1,1,1,0,0,0,1,1
"510",509,0,1,0,1,1,0,0,1,0,0,0,0,1,0,1,1,0,0,1,0,0,0,0,0,0,0,1,0,0,0,1,0,0,0,0,1,0,0,1,0
"511",510,0,1,1,0,1,0,0,0,0,0,0,0,0,0,1,0,0,0,1,0,0,0,1,0,1,1,1,1,0,0,1,1,1,2,1,0,0,0,1,1
"512",511,0,0,0,1,1,1,0,1,0,0,0,0,1,0,0,1,0,0,1,0,0,0,1,1,0,1,1,1,0,0,1,1,1,0,1,1,0,0,0,1
"513",512,0,1,1,0,1,1,0,1,0,0,0,0,1,0,1,1,0,0,0,0,0,0,0,1,1,1,0,1,0,0,1,1,0,0,1,1,0,0,0,1
"514",513,0,1,1,0,1,1,0,1,0,0,0,0,1,0,1,0,0,0,1,0,0,1,1,0,1,1,0,1,0,0,1,1,1,1,1,1,0,0,1,0
"515",514,0,1,1,0,1,1,0,0,0,0,0,0,1,0,0,1,0,0,1,0,0,1,1,0,1,0,1,1,0,0,0,0,1,1,0,1,0,0,1,1
"516",515,0,1,1,0,0,1,0,1,0,0,0,0,0,0,1,1,0,0,1,0,0,0,1,0,1,1,2,0,0,0,0,1,1,1,1,1,0,0,0,0
"517",516,0,0,1,0,1,0,0,1,0,0,0,0,0,0,1,1,0,0,1,0,0,1,1,0,0,1,0,1,0,0,0,1,1,1,0,0,0,0,1,1
"518",517,0,1,1,0,0,1,0,0,0,0,0,0,1,0,1,1,0,0,1,0,0,1,1,0,1,1,1,1,0,0,1,1,0,1,1,1,0,0,1,2
"519",518,0,1,0,0,1,1,0,1,0,0,0,0,0,0,0,1,0,0,0,0,0,1,1,0,1,1,1,0,0,0,1,1,1,1,0,1,0,0,1,1
"520",519,0,1,1,0,1,0,0,1,0,0,0,0,1,0,2,1,0,0,1,0,0,1,1,0,1,0,1,1,0,0,1,0,1,1,1,1,0,0,1,1
"521",520,0,0,1,0,1,1,0,1,0,0,0,0,1,0,0,0,0,0,1,0,0,0,1,0,1,0,0,1,0,0,1,1,1,0,1,0,0,0,0,1
"522",521,0,1,1,0,1,1,0,0,0,0,0,0,1,0,1,1,0,0,1,0,0,0,0,0,1,1,0,1,0,0,1,1,1,1,1,1,0,0,2,1
"523",522,0,1,0,0,1,1,0,1,0,0,0,0,1,0,1,0,0,0,0,0,0,1,1,0,1,1,0,1,0,0,1,1,1,0,1,0,0,0,1,0
"524",523,0,0,1,0,0,1,0,2,0,0,0,0,1,0,0,1,0,0,0,0,0,1,0,0,0,1,0,1,0,0,0,0,0,1,0,1,0,0,1,1
"525",524,0,1,1,0,1,0,0,0,0,0,0,0,1,0,1,1,0,0,1,0,0,0,1,0,1,1,0,0,0,0,2,0,1,1,1,1,0,0,0,0
"526",525,1,1,1,0,1,1,0,1,0,0,0,0,1,0,1,1,0,0,1,0,0,0,1,1,1,1,0,0,0,0,0,0,1,0,1,1,0,0,1,1
"527",526,1,0,0,0,1,1,0,1,0,0,0,0,1,0,0,1,0,0,1,0,0,1,0,0,1,0,0,1,0,0,1,0,1,1,1,1,0,0,1,1
"528",527,1,1,0,0,0,1,0,0,0,0,0,0,0,0,1,0,0,0,1,0,0,1,1,0,1,1,0,2,0,0,1,0,0,1,1,1,0,0,0,1
"529",528,1,1,1,0,1,1,0,1,0,0,0,0,1,0,1,1,0,0,1,0,0,1,1,0,1,1,0,0,0,0,1,0,1,1,0,0,0,0,1,0
"530",529,0,0,1,0,0,0,0,1,0,0,0,0,0,0,1,1,0,0,0,0,0,0,0,1,0,1,0,1,0,0,0,0,1,1,1,1,0,0,1,1
"531",530,0,1,1,0,1,0,0,1,0,0,0,0,1,0,0,0,0,0,0,0,0,0,1,1,0,0,0,1,0,0,0,0,0,0,1,1,0,0,0,1
"532",531,1,1,1,0,1,1,0,1,0,0,0,0,1,0,1,1,0,0,1,0,0,0,1,0,1,1,0,1,0,0,1,0,0,1,1,1,0,0,1,1
"533",532,1,1,1,0,1,0,0,0,0,0,0,0,1,0,1,1,0,0,1,0,0,0,1,0,1,1,0,1,0,0,2,0,1,0,1,1,0,0,1,1
"534",533,0,2,1,0,1,0,0,0,0,0,0,0,1,0,1,1,0,0,1,0,0,0,1,1,0,1,0,1,0,0,1,0,1,1,1,0,0,0,1,0
"535",534,0,0,0,0,0,0,0,1,0,0,0,0,1,0,1,1,0,0,1,0,0,0,1,0,1,1,0,0,0,0,0,0,1,0,0,1,0,0,1,1
"536",535,0,1,1,0,1,0,0,1,0,0,0,0,0,0,1,0,0,0,0,0,0,0,0,0,1,0,0,1,0,0,1,0,1,1,0,1,0,0,0,1
"537",536,0,1,1,0,1,0,0,1,0,0,0,0,1,0,1,0,0,0,1,0,0,0,1,0,0,1,0,1,0,0,0,1,1,1,1,1,0,0,1,1
"538",537,1,0,1,0,1,0,0,1,0,0,0,0,1,0,0,1,0,0,1,0,0,0,0,1,1,1,0,1,0,0,1,0,0,1,1,1,0,0,1,1
"539",538,1,1,1,0,1,0,0,1,0,0,0,0,1,0,0,1,0,0,1,0,0,0,1,2,1,0,0,1,0,0,1,0,1,1,1,0,0,0,1,0
"540",539,0,1,0,0,0,0,0,1,0,0,0,0,0,0,1,1,0,0,1,0,0,0,1,0,1,1,0,0,0,0,1,0,0,0,0,1,0,0,1,0
"541",540,1,1,1,0,1,0,0,0,0,0,0,0,1,0,1,1,0,0,0,0,0,0,1,0,1,1,0,1,0,0,1,0,1,1,1,1,0,0,1,1
"542",541,1,0,0,0,1,0,0,1,0,0,0,0,1,0,1,1,0,0,1,0,0,0,1,0,1,1,0,1,0,0,1,0,1,1,1,1,0,0,1,1
"543",542,0,0,1,0,1,0,0,1,0,0,0,0,1,0,1,0,0,0,1,0,0,0,1,1,0,0,0,1,0,0,0,0,0,1,1,0,0,0,0,1
"544",543,1,0,1,0,0,0,0,1,0,0,0,0,1,0,1,1,0,0,1,0,0,0,0,1,1,1,0,0,0,0,1,0,0,1,1,1,0,0,1,1
"545",544,0,0,1,0,1,0,0,0,0,0,0,0,0,0,0,1,0,0,1,0,0,0,1,1,1,1,0,0,0,0,1,0,0,1,0,1,0,0,0,1
"546",545,0,0,0,0,0,0,0,2,0,0,0,0,1,0,1,1,0,0,0,0,0,0,1,1,0,1,0,1,0,0,0,0,0,1,1,1,0,0,1,0
"547",546,0,0,1,0,1,0,0,0,0,0,0,0,1,0,1,0,0,0,1,0,0,0,1,0,1,1,0,1,0,0,1,0,0,0,1,1,0,0,1,1
"548",547,0,0,1,0,1,0,0,1,0,0,0,0,1,0,1,1,0,0,1,0,0,0,1,1,1,0,0,1,0,0,1,0,0,1,1,1,0,0,1,1
"549",548,0,0,1,0,1,0,0,0,0,0,0,0,0,0,0,1,0,0,1,0,0,0,1,1,1,1,0,1,0,0,0,0,0,1,1,0,0,0,0,1
"550",549,0,0,1,0,1,0,0,1,0,0,0,0,1,0,1,1,0,0,1,0,0,0,0,0,1,1,0,0,0,0,1,0,0,1,0,1,0,0,1,0
"551",550,0,0,1,0,0,0,0,1,0,0,0,0,1,0,1,1,0,0,0,0,0,0,1,0,0,0,0,1,0,0,1,0,0,1,1,0,0,0,1,1
"552",551,0,0,0,0,1,0,0,1,0,0,0,0,1,0,1,1,0,0,1,0,0,0,0,1,1,1,0,1,0,0,1,0,0,1,0,1,0,0,0,1
"553",552,0,0,1,0,1,0,0,1,0,0,0,0,0,0,1,1,0,0,1,0,0,0,1,0,1,1,0,1,0,0,1,0,0,0,1,1,0,0,1,1
"554",553,0,0,1,0,1,0,0,0,0,0,0,0,1,0,0,1,0,0,0,0,0,0,1,0,1,1,0,0,0,0,1,0,0,1,1,1,0,0,1,1
"555",554,0,0,1,0,1,0,0,1,0,0,0,0,0,0,1,0,0,0,1,0,0,0,1,0,0,0,0,1,0,0,1,0,0,1,0,1,0,0,1,0
"556",555,0,0,1,0,1,0,0,1,0,0,0,0,1,0,1,1,0,0,0,0,0,0,1,0,1,0,0,1,0,0,1,0,0,0,1,1,0,0,1,1
"557",556,0,0,1,0,1,0,0,0,0,0,0,0,1,0,1,0,0,0,1,0,0,0,1,0,1,1,0,1,0,0,0,0,0,1,1,1,0,0,0,1
"558",557,0,0,0,0,0,0,0,1,0,0,0,0,1,0,1,1,0,0,1,0,0,0,0,0,0,1,0,1,0,0,1,0,0,1,1,0,0,0,1,0
"559",558,0,0,1,0,1,0,0,1,0,0,0,0,0,0,0,1,0,0,1,0,0,0,1,0,1,1,0,1,0,0,1,0,0,1,1,1,0,0,1,1
"560",559,0,0,1,0,1,0,0,1,0,0,0,0,1,0,1,1,0,0,1,0,0,0,1,0,1,0,0,0,0,0,1,0,0,1,1,0,0,0,1,1
"561",560,0,0,1,0,0,0,0,1,0,0,0,0,1,0,1,1,0,0,1,0,0,0,1,0,0,1,0,1,0,0,0,0,0,1,1,2,0,0,1,1
"562",561,0,1,1,0,1,0,0,1,0,0,0,0,1,0,1,1,0,0,1,0,0,0,0,0,1,1,0,1,0,0,1,0,0,0,1,1,0,0,1,1
"563",562,0,1,1,0,0,0,0,0,0,0,0,0,0,0,0,1,0,0,0,0,0,0,0,0,0,1,0,1,0,0,1,0,0,1,0,0,0,0,0,1
"564",563,0,1,1,0,1,0,0,1,0,0,0,0,1,0,1,0,0,0,1,0,0,0,1,0,1,1,0,1,0,0,1,0,0,1,1,1,0,0,1,1
"565",564,0,0,1,0,0,0,0,0,0,0,0,0,1,0,1,1,0,0,1,0,0,0,1,0,1,1,0,0,0,0,0,0,0,0,1,1,0,0,1,0
"566",565,0,0,0,0,1,0,0,1,0,0,0,0,1,0,1,0,0,0,1,0,0,0,1,0,1,1,0,1,0,0,1,0,0,1,1,1,0,0,0,1
"567",566,0,0,1,0,1,0,0,1,0,0,0,0,0,0,1,1,0,0,1,0,0,0,1,0,1,0,0,1,0,0,1,0,0,1,0,0,0,0,1,0
"568",567,0,0,0,0,1,0,0,0,0,0,0,0,0,0,0,1,0,0,0,0,0,0,1,0,1,1,0,1,0,0,0,0,0,1,1,0,0,0,1,1
"569",568,0,0,1,0,1,0,0,1,0,0,0,0,1,0,1,1,0,0,0,0,0,0,1,0,0,0,0,0,0,0,1,0,0,1,0,1,0,0,1,1
"570",569,0,0,1,0,0,0,0,1,0,0,0,0,1,0,1,0,0,0,0,0,0,0,0,0,1,1,0,1,0,0,1,0,0,1,1,1,0,0,0,1
"571",570,0,0,0,0,0,0,0,1,0,0,0,0,1,0,1,0,0,0,0,0,0,0,0,0,1,1,0,1,0,0,0,0,0,0,1,0,0,0,1,1
"572",571,0,0,0,0,1,0,0,1,0,0,0,0,1,0,0,0,0,0,0,0,0,0,1,0,1,1,0,1,0,0,1,0,0,0,1,1,0,0,1,1
"573",572,0,0,0,0,1,0,0,0,0,0,0,0,0,0,1,0,0,0,0,0,0,0,1,0,0,0,0,1,0,0,0,0,0,1,1,1,0,0,1,1
"574",573,0,0,0,0,0,0,0,1,0,0,0,0,1,0,1,0,0,0,0,0,0,0,0,0,1,1,0,1,0,0,1,0,0,1,0,1,0,0,0,0
"575",574,0,0,0,0,1,0,0,1,0,0,0,0,0,0,0,0,0,0,0,0,0,0,1,0,1,1,0,0,0,0,0,0,0,1,1,1,0,0,1,1
"576",575,0,0,0,0,1,0,0,1,0,0,0,0,1,0,1,0,0,0,0,0,0,0,1,0,1,1,0,0,0,0,1,0,0,1,1,0,0,0,1,0
"577",576,0,0,0,0,1,0,0,0,0,0,0,0,0,0,1,0,0,0,0,0,0,0,0,0,1,0,0,0,0,0,1,0,0,0,0,1,0,0,1,1
"578",577,0,1,0,0,1,0,0,1,0,0,0,0,0,0,0,0,0,0,0,0,0,0,1,0,1,1,0,1,0,0,1,0,0,1,1,1,0,0,1,1
"579",578,0,0,0,0,1,0,0,1,0,0,0,0,0,0,0,0,0,0,0,0,0,0,1,0,0,1,0,1,0,0,1,0,0,1,0,1,0,0,1,0
"580",579,0,1,0,0,1,0,0,0,0,0,0,0,0,0,1,0,0,0,0,0,0,0,1,0,1,0,0,1,0,0,1,0,0,0,1,0,0,0,0,2
"581",580,0,1,0,0,1,0,0,1,0,0,0,0,0,0,2,0,0,0,0,0,0,0,0,0,0,1,0,1,0,0,1,0,0,1,1,1,0,0,0,0
"582",581,0,0,0,0,0,0,0,1,0,0,0,0,1,0,0,0,0,0,0,0,0,0,1,0,0,0,0,1,0,0,1,0,0,1,1,1,0,0,1,0
"583",582,0,0,0,0,1,0,0,1,0,0,0,0,1,0,0,0,0,0,0,0,0,0,1,0,0,0,0,1,0,0,1,0,0,1,1,1,0,0,1,1
"584",583,0,0,0,0,1,0,0,0,0,0,0,0,0,0,1,0,0,0,0,0,0,0,1,0,0,0,0,1,0,0,0,0,0,1,1,1,0,0,1,1
"585",584,0,0,0,0,0,0,0,1,0,0,0,0,1,0,1,0,0,0,0,0,0,0,1,0,0,0,0,0,0,0,0,0,0,1,0,0,0,0,0,0
"586",584.275,0,0,0,0,0,0,0,0,0,0,0,0,0,0,0,0,0,0,0,0,0,0,0,0,0,0,0,0,0,0,0,0,0,0,0,0,0,0,0,0
"587",585,0,0,0,0,1,0,0,1,0,0,0,0,0,0,1,0,0,0,0,0,0,0,1,0,0,0,0,1,0,0,0,0,0,0,1,0,0,0,1,0
"588",586,0,1,0,0,1,0,0,1,0,0,0,0,0,0,0,0,0,0,0,0,0,0,0,0,0,0,0,1,0,0,0,0,0,0,1,1,0,0,1,0
"589",587,0,1,0,0,1,0,0,1,0,0,0,0,0,0,1,0,0,0,0,0,0,0,1,0,0,0,0,0,0,0,0,0,0,1,1,1,0,0,1,0
"590",588,0,0,0,0,1,0,0,0,0,0,0,0,0,0,2,0,0,0,0,0,0,0,1,0,0,0,0,1,0,0,0,0,0,0,1,0,0,0,1,0
"591",589,0,1,0,0,1,0,0,0,0,0,0,0,0,0,0,0,0,0,0,0,0,0,0,0,0,0,0,1,0,0,0,0,0,0,0,1,0,0,0,0
"592",590,0,1,0,0,0,0,0,1,0,0,0,0,0,0,0,0,0,0,0,0,0,0,1,0,0,0,0,1,0,0,0,0,0,0,1,1,0,0,1,0
"593",591,0,1,0,0,0,0,0,1,0,0,0,0,0,0,0,0,0,0,0,0,0,0,1,0,0,1,0,1,0,0,0,0,0,0,1,1,0,0,1,0
"594",592,0,0,0,0,1,0,0,1,0,0,0,0,0,0,0,0,0,0,0,0,0,0,0,0,0,0,0,1,0,0,0,0,0,1,1,1,0,0,1,0
"595",593,0,1,0,0,0,0,0,1,0,0,0,0,0,0,0,0,0,0,0,0,0,0,1,0,0,0,0,0,0,0,0,0,0,0,1,1,0,0,0,0
"596",594,0,0,0,0,1,0,0,0,0,0,0,0,0,0,0,0,0,0,0,0,0,0,1,0,0,0,0,1,0,0,0,0,0,0,1,1,0,0,1,0
"597",595,0,0,0,0,1,0,0,1,0,0,0,0,0,0,0,0,0,0,0,0,0,0,0,0,0,0,0,1,0,0,0,0,0,0,1,0,0,0,1,0
"598",596,0,1,0,0,1,0,0,1,0,0,0,0,0,0,0,0,0,0,0,0,0,0,0,0,0,0,0,1,0,0,0,0,0,0,0,0,0,0,0,0
"599",597,0,1,0,0,1,0,0,0,0,0,0,0,0,0,0,0,0,0,0,0,0,0,0,0,0,0,0,1,0,0,0,0,0,0,1,1,0,0,1,0
"600",598,0,1,0,0,1,0,0,1,0,0,0,0,0,0,0,0,0,0,0,0,0,0,0,0,0,0,0,1,0,0,0,0,0,0,0,1,0,0,1,0
"601",599,0,0,0,0,0,0,0,2,0,0,0,0,0,0,0,0,0,0,0,0,0,0,0,0,0,0,0,0,0,0,0,0,0,0,0,1,0,0,0,0
"602",600,0,1,0,0,1,0,0,1,0,0,0,0,0,0,0,0,0,0,0,0,0,0,0,0,0,0,0,0,0,0,0,0,0,0,1,0,0,0,1,0
"603",601,0,1,0,0,1,0,0,0,0,0,0,0,0,0,0,0,0,0,0,0,0,0,0,0,0,0,0,0,0,0,0,0,0,0,1,1,0,0,0,0
"604",602,0,1,0,0,1,0,0,1,0,0,0,0,0,0,0,0,0,0,0,0,0,0,0,0,1,0,0,0,0,0,0,0,0,0,1,1,0,0,1,0
"605",603,0,0,0,0,0,0,0,1,0,0,0,0,0,0,0,0,0,0,0,0,0,0,0,0,0,0,0,0,0,0,0,0,0,0,0,0,0,0,1,0
"606",604,0,1,0,0,1,0,0,0,0,0,0,0,0,0,0,0,0,0,0,0,0,0,0,0,0,0,0,0,0,0,0,0,0,0,1,1,0,0,1,0
"607",605,0,0,0,0,1,0,0,1,0,0,0,0,0,0,0,0,0,0,0,0,0,0,0,0,0,0,0,0,0,0,0,0,0,0,1,1,0,0,0,0
"608",606,0,1,0,0,1,0,0,0,0,0,0,0,0,0,0,0,0,0,0,0,0,0,0,0,0,0,0,0,0,0,0,0,0,1,1,1,0,0,1,0
"609",607,0,1,0,0,0,0,0,1,0,0,0,0,0,0,0,0,0,0,0,0,0,0,0,0,0,0,0,0,0,0,0,0,0,0,1,1,0,0,1,0
"610",608,0,1,0,0,1,0,0,1,0,0,0,0,0,0,0,0,0,0,0,0,0,0,0,0,0,0,0,0,0,0,0,0,0,0,1,1,0,0,1,0
"611",609,0,0,0,0,1,0,0,0,0,0,0,0,0,0,0,0,0,0,0,0,0,0,0,0,0,0,0,0,0,0,0,0,0,0,1,0,0,0,1,0
"612",610,0,1,0,0,0,0,0,0,0,0,0,0,0,0,0,0,0,0,0,0,0,0,0,0,0,0,0,0,0,0,0,0,0,0,1,0,0,0,1,0
"613",611,0,1,0,0,1,0,0,0,0,0,0,0,0,0,0,0,0,0,0,0,0,0,0,0,0,0,0,0,0,0,0,0,0,0,1,0,0,0,1,0
"614",612,0,0,0,0,1,0,0,0,0,0,0,0,0,0,0,0,0,0,0,0,0,0,0,0,0,0,0,0,0,0,0,0,0,0,0,0,0,0,0,0
"615",613,0,0,0,0,1,0,0,0,0,0,0,0,0,0,0,0,0,0,0,0,0,0,0,0,0,0,0,0,0,0,0,0,0,0,0,0,0,0,0,0
"616",614,0,0,0,0,0,0,0,0,0,0,0,0,0,0,0,0,0,0,0,0,0,0,0,0,0,0,0,0,0,0,0,0,0,0,0,0,0,0,0,0
"617",615,0,0,0,0,1,0,0,0,0,0,0,0,0,0,0,0,0,0,0,0,0,0,0,0,0,0,0,0,0,0,0,0,0,0,0,0,0,0,1,0
"618",616,0,0,0,0,1,0,0,0,0,0,0,0,0,0,0,0,0,0,0,0,0,0,0,0,0,0,0,0,0,0,0,0,0,0,0,0,0,0,0,0
"619",617,0,0,0,0,1,0,0,0,0,0,0,0,0,0,0,0,0,0,0,0,0,0,0,0,0,0,0,0,0,0,1,0,0,0,0,0,0,0,0,0
"620",618,0,0,0,0,1,0,0,0,0,0,0,0,0,0,0,0,0,0,0,0,0,0,0,0,0,0,0,0,0,0,0,0,0,0,0,0,0,0,0,0
"621",619,0,0,0,0,0,0,0,0,0,0,0,0,0,0,0,0,0,0,0,0,0,0,0,0,0,0,0,0,0,0,1,0,0,0,0,0,0,0,0,0
"622",620,0,0,0,0,1,0,0,0,0,0,0,0,0,0,0,0,0,0,0,0,0,0,0,0,0,0,0,0,0,0,0,0,0,0,0,0,0,0,0,0
"623",621,0,0,0,0,0,0,0,0,0,0,0,0,0,0,0,0,0,0,0,0,0,0,0,0,0,0,0,0,0,0,0,0,0,0,0,0,0,0,0,0
"624",622,0,0,0,0,1,0,0,0,0,0,0,0,0,0,0,0,0,0,0,0,0,0,0,0,0,0,0,0,0,0,0,0,0,0,0,0,0,0,0,0
"625",623,0,0,0,0,1,0,0,0,0,0,0,0,0,0,0,0,0,0,0,0,0,0,0,0,0,0,0,0,0,0,0,0,0,0,0,0,0,0,0,0
"626",624,0,0,0,0,1,0,0,0,0,0,0,0,0,0,0,0,0,0,0,0,0,0,0,0,0,0,0,0,0,0,0,0,0,0,0,0,0,0,0,0
"627",625,0,0,0,0,1,0,0,0,0,0,0,0,0,0,0,0,0,0,0,0,0,0,0,0,0,0,0,0,0,0,0,0,0,0,0,0,0,0,0,0
"628",626,0,0,0,0,1,0,0,0,0,0,0,0,0,0,0,0,0,0,0,0,0,0,0,0,0,0,0,0,0,0,0,0,0,0,0,0,0,0,0,0
"629",627,0,0,0,0,0,0,0,0,0,0,0,0,0,0,0,0,0,0,0,0,0,0,0,0,0,0,0,0,0,0,0,0,0,0,0,0,0,0,0,0
"630",628,0,0,0,0,0,0,0,0,0,0,0,0,0,0,0,0,0,0,0,0,0,0,0,0,0,0,0,0,0,0,0,0,0,0,0,0,0,0,0,0
"631",629,0,0,0,0,0,0,0,0,0,0,0,0,0,0,0,0,0,0,0,0,0,0,0,0,0,0,0,0,0,0,0,0,0,0,0,0,0,0,0,0
"632",630,0,0,0,0,0,0,0,0,0,0,0,0,0,0,0,0,0,0,0,0,0,0,0,0,0,0,0,0,0,0,0,0,0,0,0,0,0,0,0,0
"633",631,0,0,0,0,0,0,0,0,0,0,0,0,0,0,0,0,0,0,0,0,0,0,0,0,0,0,0,0,0,0,0,0,0,0,0,0,0,0,0,0
"634",632,0,0,0,0,0,0,0,0,0,0,0,0,0,0,0,0,0,0,0,0,0,0,0,0,0,0,0,0,0,0,0,0,0,0,0,0,0,0,0,0
"635",633,0,0,0,0,0,0,0,0,0,0,0,0,0,0,0,0,0,0,0,0,0,0,0,0,0,0,0,0,0,0,0,0,0,0,0,0,0,0,0,0
"636",634,0,0,0,0,0,0,0,0,0,0,0,0,0,0,0,0,0,0,0,0,0,0,0,0,0,0,0,0,0,0,0,0,0,0,0,0,0,0,0,0
"637",635,0,0,0,0,0,0,0,0,0,0,0,0,0,0,0,0,0,0,0,0,0,0,0,0,0,0,0,0,0,0,0,0,0,0,0,0,0,0,0,0
"638",636,0,0,0,0,0,0,0,0,0,0,0,0,0,0,0,0,0,0,0,0,0,0,0,0,0,0,0,0,0,0,0,0,0,0,0,0,0,0,0,0
"639",637,0,0,0,0,0,0,0,0,0,0,0,0,0,0,0,0,0,0,0,0,0,0,0,0,0,0,0,0,0,0,0,0,0,0,0,0,0,0,0,0
"640",638,0,0,0,0,0,0,0,0,0,0,0,0,0,0,0,0,0,0,0,0,0,0,0,0,0,0,0,0,0,0,0,0,0,0,0,0,0,0,0,0
"641",639,0,0,0,0,0,0,0,0,0,0,0,0,0,0,0,0,0,0,0,0,0,0,0,0,0,0,0,0,0,0,0,0,0,0,0,0,0,0,0,0
"642",640,0,0,0,0,0,0,0,0,0,0,0,0,0,0,0,0,0,0,0,0,0,0,0,0,0,0,0,0,0,0,0,0,0,0,0,0,0,0,0,0
"643",641,0,0,0,0,0,0,0,0,0,0,0,0,0,0,0,0,0,0,0,0,0,0,0,0,0,0,0,0,0,0,0,0,0,0,0,0,0,0,0,0
"644",642,0,0,0,0,0,0,0,0,0,0,0,0,0,0,0,0,0,0,0,0,0,0,0,0,0,0,0,0,0,0,0,0,0,0,0,0,0,0,0,0
"645",643,0,0,0,0,0,0,0,0,0,0,0,0,0,0,0,0,0,0,0,0,0,0,0,0,0,0,0,0,0,0,0,0,0,0,0,0,0,0,0,0
"646",644,0,0,0,0,0,0,0,0,0,0,0,0,0,0,0,0,0,0,0,0,0,0,0,0,0,0,0,0,0,0,0,0,0,0,0,0,0,0,0,0
"647",645,0,0,0,0,0,0,0,0,0,0,0,0,0,0,0,0,0,0,0,0,0,0,0,0,0,0,0,0,0,0,0,0,0,0,0,0,0,0,0,0
"648",646,0,0,0,0,0,0,0,0,0,0,0,0,0,0,0,0,0,0,0,0,0,0,0,0,0,0,0,0,0,0,0,0,0,0,0,0,0,0,0,0
"649",647,0,0,0,0,0,0,0,0,0,0,0,0,0,0,0,0,0,0,0,0,0,0,0,0,0,0,0,0,0,0,0,0,0,0,0,0,0,0,0,0
"650",648,0,0,0,0,0,0,0,0,0,0,0,0,0,0,0,0,0,0,0,0,0,0,0,0,0,0,0,0,0,0,0,0,0,0,0,0,0,0,0,0
"651",649,0,0,0,0,0,0,0,0,0,0,0,0,0,0,0,0,0,0,0,0,0,0,0,0,0,0,0,0,0,0,0,0,0,0,0,0,0,0,0,0
"652",650,0,0,0,0,0,0,0,0,0,0,0,0,0,0,0,0,0,0,0,0,0,0,0,0,0,0,0,0,0,0,0,0,0,0,0,0,0,0,0,0
"653",651,0,0,0,0,0,0,0,0,0,0,0,0,0,0,0,0,0,0,0,0,0,0,0,0,0,0,0,0,0,0,0,0,0,0,0,0,0,0,0,0
"654",652,0,0,0,0,0,0,0,0,0,0,0,0,0,0,0,0,0,0,0,0,0,0,0,0,0,0,0,0,0,0,0,0,0,0,0,0,0,0,1,0
"655",653,0,0,0,0,0,0,0,0,0,0,0,0,0,0,0,0,0,0,0,0,0,0,0,0,0,0,0,0,0,0,0,0,0,0,0,0,0,0,0,0
"656",654,0,0,0,0,0,0,0,0,0,0,0,0,0,0,0,0,0,0,0,0,0,0,0,0,0,0,0,0,0,0,0,0,0,0,0,0,0,0,0,0
"657",655,0,0,0,0,0,0,0,0,0,0,0,0,0,0,0,0,0,0,0,0,0,0,0,0,0,0,0,0,0,0,0,0,0,0,0,0,0,0,0,0
"658",656,0,0,0,0,0,0,0,0,0,0,0,0,0,0,0,0,0,0,0,0,0,0,0,0,0,0,0,0,0,0,0,0,0,0,0,0,0,0,0,0
"659",657,0,0,0,0,0,0,0,0,0,0,0,0,0,0,0,0,0,0,0,0,0,0,0,0,0,0,0,0,0,0,0,0,0,0,0,0,0,0,0,0
"660",658,0,0,0,0,0,0,0,0,0,0,0,0,0,0,0,0,0,0,0,0,0,0,0,0,0,0,0,0,0,0,0,0,0,0,0,0,0,0,0,0
"661",659,0,0,0,0,0,0,0,0,0,0,0,0,0,0,0,0,0,0,0,0,0,0,0,0,0,0,0,0,0,0,0,0,0,0,0,0,0,0,0,0
"662",660,0,0,0,0,0,0,0,0,0,0,0,0,0,0,0,0,0,0,0,0,0,0,0,0,0,0,0,0,0,0,0,0,0,0,0,0,0,0,0,0
"663",661,0,0,0,0,0,0,0,0,0,0,0,0,0,0,0,0,0,0,0,0,0,0,0,0,0,0,0,0,0,0,0,0,0,0,0,0,0,0,0,0
"664",662,0,0,0,0,0,0,0,0,0,0,0,0,0,0,0,0,0,0,0,0,0,0,0,0,0,0,0,0,0,0,0,0,0,0,0,0,0,0,0,0
"665",663,0,0,0,0,0,0,0,0,0,0,0,0,0,0,0,0,0,0,0,0,0,0,0,0,0,0,0,0,0,0,0,0,0,0,0,0,0,0,0,0
"666",664,0,0,0,0,0,0,0,0,0,0,0,0,0,0,0,0,0,0,0,0,0,0,0,0,0,0,0,0,0,0,0,0,0,0,0,0,0,0,0,0
"667",665,0,0,0,0,0,0,0,0,0,0,0,0,0,0,0,0,0,0,0,0,0,0,0,0,0,0,0,0,0,0,0,0,0,0,0,0,0,0,0,0
"668",666,0,0,0,0,0,0,0,0,0,0,0,0,0,0,0,0,0,0,0,0,0,0,0,0,0,0,0,0,0,0,0,0,0,0,0,0,0,0,0,0
"669",667,0,0,0,0,0,0,0,0,0,0,0,0,0,0,0,0,0,0,0,0,0,0,0,0,0,0,0,0,0,0,0,0,0,0,0,0,0,0,0,0
"670",668,0,0,0,0,0,0,0,0,0,0,0,0,0,0,0,0,0,0,0,0,0,0,0,0,0,0,0,0,0,0,0,0,0,0,0,0,0,0,0,0
"671",669,0,0,0,0,0,0,0,0,0,0,0,0,0,0,0,0,0,0,0,0,0,0,0,0,0,0,0,0,0,0,0,0,0,0,0,0,0,0,0,0
"672",670,0,0,0,0,0,0,0,0,0,0,0,0,0,0,0,0,0,0,0,0,0,0,0,0,0,0,0,0,0,0,0,0,0,0,0,0,0,0,0,0
"673",671,0,0,0,0,0,0,0,0,0,0,0,0,0,0,0,0,0,0,0,0,0,0,0,0,0,0,0,0,0,0,0,0,0,0,0,0,0,0,0,0
"674",672,0,0,0,0,0,0,0,0,0,0,0,0,0,0,0,0,0,0,0,0,0,0,0,0,0,0,0,0,0,0,0,0,0,0,0,0,0,0,0,0
"675",673,0,0,0,0,0,0,0,0,0,0,0,0,0,0,0,0,0,0,0,0,0,0,0,0,0,0,0,0,0,0,0,0,0,0,0,0,0,0,0,0
"676",674,0,0,0,0,0,0,0,0,0,0,0,0,0,0,0,0,0,0,0,0,0,0,0,0,0,0,0,0,0,0,0,0,0,0,0,0,0,0,0,0
"677",675,0,0,0,0,0,0,0,0,0,0,0,0,0,0,0,0,0,0,0,0,0,0,0,0,0,0,0,0,0,0,0,0,0,0,0,0,0,0,0,0
"678",676,0,0,0,0,0,0,0,0,0,0,0,0,0,0,0,0,0,0,0,0,0,0,0,0,0,0,0,0,0,0,0,0,0,0,0,0,0,0,0,0
"679",677,0,0,0,0,0,0,0,0,0,0,0,0,0,0,0,0,0,0,0,0,0,0,0,0,0,0,0,0,0,0,0,0,0,0,0,0,0,0,0,0
"680",678,0,0,0,0,0,0,0,0,0,0,0,0,0,0,0,0,0,0,0,0,0,0,0,0,0,0,0,0,0,0,0,0,0,0,0,0,0,0,0,0
"681",679,0,0,0,0,0,0,0,0,0,0,0,0,0,0,0,0,0,0,0,0,0,0,0,0,0,0,0,0,0,0,0,0,0,0,0,0,0,0,0,0
"682",680,0,0,0,0,0,0,0,0,0,0,0,0,0,0,0,0,0,0,0,0,0,0,0,0,0,0,0,0,0,0,0,0,0,0,0,0,0,0,0,0
"683",681,0,0,0,0,0,0,0,0,0,0,0,0,0,0,0,0,0,0,0,0,0,0,0,0,0,0,0,0,0,0,0,0,0,0,0,0,0,0,0,0
"684",682,0,0,0,0,0,0,0,0,0,0,0,0,0,0,0,0,0,0,0,0,0,0,0,0,0,0,0,0,0,0,0,0,0,0,0,0,0,0,0,0
"685",683,0,0,0,0,0,0,0,0,0,0,0,0,0,0,0,0,0,0,0,0,0,0,0,0,0,0,0,0,0,0,0,0,0,0,0,0,0,0,0,0
"686",684,0,0,0,0,0,0,0,0,0,0,0,0,0,0,0,0,0,0,0,0,0,0,0,0,0,0,0,0,0,0,0,0,0,0,0,0,0,0,0,0
"687",685,0,0,0,0,0,0,0,0,0,0,0,0,0,0,0,0,0,0,0,0,0,0,0,0,0,0,0,0,0,0,0,0,0,0,0,0,0,0,0,0
"688",686,0,0,0,0,0,0,0,0,0,0,0,0,0,0,0,0,0,0,0,0,0,0,0,0,0,0,0,0,0,0,0,0,0,0,0,0,0,0,0,0
"689",687,0,0,0,0,0,0,0,0,0,0,0,0,0,0,0,0,0,0,0,0,0,0,0,0,0,0,0,0,0,0,0,0,0,0,0,0,0,0,0,0
"690",688,0,0,0,0,0,0,0,0,0,0,0,0,0,0,0,0,0,0,0,0,0,0,0,0,0,0,0,0,0,0,0,0,0,0,0,0,0,0,0,0
"691",689,0,0,0,0,0,0,0,0,0,0,0,0,0,0,0,0,0,0,0,0,0,0,0,0,0,0,0,0,0,0,0,0,0,0,0,0,0,0,0,0
"692",690,0,0,0,0,0,0,0,0,0,0,0,0,0,0,0,0,0,0,0,0,0,0,0,0,0,0,0,0,0,0,0,0,0,0,0,0,0,0,0,0
"693",691,0,0,0,0,0,0,0,0,0,0,0,0,0,0,0,0,0,0,0,0,0,0,0,0,0,0,0,0,0,0,0,0,0,0,0,0,0,0,0,0
"694",692,0,0,0,0,0,0,0,0,0,0,0,0,0,0,0,0,0,0,0,0,0,0,0,0,0,0,0,0,0,0,0,0,0,0,0,0,0,0,0,0
"695",693,0,0,0,0,0,0,0,0,0,0,0,0,0,0,0,0,0,0,0,0,0,0,0,0,0,0,0,0,0,0,0,0,0,0,0,0,0,0,0,0
"696",694,0,0,0,0,0,0,0,0,0,0,0,0,0,0,0,0,0,0,0,0,0,0,0,0,0,0,0,0,0,0,0,0,0,0,0,0,0,0,0,0
"697",695,0,0,0,0,0,0,0,0,0,0,0,0,0,0,0,0,0,0,0,0,0,0,0,0,0,0,0,0,0,0,0,0,0,0,0,0,0,0,0,0
"698",696,0,0,0,0,0,0,0,0,0,0,0,0,0,0,0,0,0,0,0,0,0,0,0,0,0,0,0,0,0,0,0,0,0,0,0,0,0,0,0,0
"699",697,0,0,0,0,0,0,0,0,0,0,0,0,0,0,0,0,0,0,0,0,0,0,0,0,0,0,0,0,0,0,0,0,0,0,0,0,0,0,0,0
"700",698,0,0,0,0,0,0,0,0,0,0,0,0,0,0,0,0,0,0,0,0,0,0,0,0,0,0,0,0,0,0,0,0,0,0,0,0,0,0,0,0
"701",699,0,0,0,0,0,0,0,0,0,0,0,0,0,0,0,0,0,0,0,0,0,0,0,0,0,0,0,0,0,0,0,0,0,0,0,0,0,0,0,0
"702",700,0,0,0,0,0,0,0,0,0,0,0,0,0,0,0,0,0,0,0,0,0,0,0,0,0,0,0,0,0,0,0,0,0,0,0,0,0,0,0,0
"703",701,0,0,0,0,0,0,0,0,0,0,0,0,0,0,0,0,0,0,0,0,0,0,0,0,0,0,0,0,0,0,0,0,0,0,0,0,0,0,0,0
"704",702,0,0,0,0,0,0,0,0,0,0,0,0,0,0,0,0,0,0,0,0,0,0,0,0,0,0,0,0,0,0,0,0,0,0,0,0,0,0,0,0
"705",703,0,0,0,0,0,0,0,0,0,0,0,0,0,0,0,0,0,0,0,0,0,0,0,0,0,0,0,0,0,0,0,0,0,0,0,0,0,0,0,0
"706",704,0,0,0,0,0,0,0,0,0,0,0,0,0,0,0,0,0,0,0,0,0,0,0,0,0,0,0,0,0,0,0,0,0,0,0,0,0,0,0,0
"707",705,0,0,0,0,0,0,0,0,0,0,0,0,0,0,0,0,0,0,0,0,0,0,0,0,0,0,0,0,0,0,0,0,0,0,0,0,0,0,0,0
"708",706,0,0,0,0,0,0,0,0,0,0,0,0,0,0,0,0,0,0,0,0,0,0,0,0,0,0,0,0,0,0,0,0,0,0,0,0,0,0,0,0
"709",707,0,0,0,0,0,0,0,0,0,0,0,0,0,0,0,0,0,0,0,0,0,0,0,0,0,0,0,0,0,0,0,0,0,0,0,0,0,0,0,0
"710",708,0,0,0,0,0,0,0,0,0,0,0,0,0,0,0,0,0,0,0,0,0,0,0,0,0,0,0,0,0,0,0,0,0,0,0,0,0,0,0,0
"711",709,0,0,0,0,0,0,0,0,0,0,0,0,0,0,0,0,0,0,0,0,0,0,0,0,0,0,0,0,0,0,0,0,0,0,0,0,0,0,0,0
"712",710,0,0,0,0,0,0,0,0,0,0,0,0,0,0,0,0,0,0,0,0,0,0,0,0,0,0,0,0,0,0,0,0,0,0,0,0,0,0,0,0
"713",711,0,0,0,0,0,0,0,0,0,0,0,0,0,0,0,0,0,0,0,0,0,0,0,0,0,0,0,0,0,0,0,0,0,0,0,0,0,0,0,0
"714",712,0,0,0,0,0,0,0,0,0,0,0,0,0,0,0,0,0,0,0,0,0,0,0,0,0,0,0,0,0,0,0,0,0,0,0,0,0,0,0,0
"715",713,0,0,0,0,0,0,0,0,0,0,0,0,0,0,0,0,0,0,0,0,0,0,0,0,0,0,0,0,0,0,0,0,0,0,0,0,0,0,0,0
"716",714,0,0,0,0,0,0,0,0,0,0,0,0,0,0,0,0,0,0,0,0,0,0,0,0,0,0,0,0,0,0,0,0,0,0,0,0,0,0,0,0
"717",715,0,0,0,0,0,0,0,0,0,0,0,0,0,0,0,0,0,0,0,0,0,0,0,0,0,0,0,0,0,0,0,0,0,0,0,0,0,0,0,0
"718",716,0,0,0,0,0,0,0,0,0,0,0,0,0,0,0,0,0,0,0,0,0,0,0,0,0,0,0,0,0,0,0,0,0,0,0,0,0,0,0,0
"719",717,0,0,0,0,0,0,0,0,0,0,0,0,0,0,0,0,0,0,0,0,0,0,0,0,0,0,0,0,0,0,0,0,0,0,0,0,0,0,0,0
"720",718,0,0,0,0,0,0,0,0,0,0,0,0,0,0,0,0,0,0,0,0,0,0,0,0,0,0,0,0,0,0,0,0,0,0,0,0,0,0,0,0
"721",719,0,0,0,0,0,0,0,0,0,0,0,0,0,0,0,0,0,0,0,0,0,0,0,0,0,0,0,0,0,0,0,0,0,0,0,0,0,0,0,0
"722",720,0,0,0,0,0,0,0,0,0,0,0,0,0,0,0,0,0,0,0,0,0,0,0,0,0,0,0,0,0,0,0,0,0,0,0,0,0,0,0,0
"723",721,0,0,0,0,0,0,0,0,0,0,0,0,0,0,0,0,0,0,0,0,0,0,0,0,0,0,0,0,0,0,0,0,0,0,0,0,0,0,0,0
"724",722,0,0,0,0,0,0,0,0,0,0,0,0,0,0,0,0,0,0,0,0,0,0,0,0,0,0,0,0,0,0,0,0,0,0,0,0,0,0,0,0
"725",723,0,0,0,0,0,0,0,0,0,0,0,0,0,0,0,0,0,0,0,0,0,0,0,0,0,0,0,0,0,0,0,0,0,0,0,0,0,0,0,0
"726",724,0,0,0,0,0,0,0,0,0,0,0,0,0,0,0,0,0,0,0,0,0,0,0,0,0,0,0,0,0,0,0,0,0,0,0,0,0,0,0,0
"727",725,0,0,0,0,0,0,0,0,0,0,0,0,0,0,0,0,0,0,0,0,0,0,0,0,0,0,0,0,0,0,0,0,0,0,0,0,0,0,0,0
"728",726,0,0,0,0,0,0,0,0,0,0,0,0,0,0,0,0,0,0,0,0,0,0,0,0,0,0,0,0,0,0,0,0,0,0,0,0,0,0,0,0
"729",727,0,0,0,0,0,0,0,0,0,0,0,0,0,0,0,0,0,0,0,0,0,0,0,0,0,0,0,0,0,0,0,0,0,0,0,0,0,0,0,0
"730",728,0,0,0,0,0,0,0,0,0,0,0,0,0,0,0,0,0,0,0,0,0,0,0,0,0,0,0,0,0,0,0,0,0,0,0,0,0,0,0,0
"731",729,0,0,0,0,0,0,0,0,0,0,0,0,0,0,0,0,0,0,0,0,0,0,0,0,0,0,0,0,0,0,0,0,0,0,0,0,0,0,0,0
"732",730,0,0,0,0,0,0,0,0,0,0,0,0,0,0,0,0,0,0,0,0,0,0,0,0,0,0,0,0,0,0,0,0,0,0,0,0,0,0,0,0
"733",731,0,0,0,0,0,0,0,0,0,0,0,0,0,0,0,0,0,0,0,0,0,0,0,0,0,0,0,0,0,0,0,0,0,0,0,0,0,0,0,0
"734",732,0,0,0,0,0,0,0,0,0,0,0,0,0,0,0,0,0,0,0,0,0,0,0,0,0,0,0,0,0,0,0,0,0,0,0,0,0,0,0,0
"735",733,0,0,0,0,0,0,0,0,0,0,0,0,0,0,0,0,0,0,0,0,0,0,0,0,0,0,0,0,0,0,0,0,0,0,0,0,0,0,0,0
"736",734,0,0,0,0,0,0,0,0,0,0,0,0,0,0,0,0,0,0,0,0,0,0,0,0,0,0,0,0,0,0,0,0,0,0,0,0,0,0,0,0
"737",735,0,0,0,0,0,0,0,0,0,0,0,0,0,0,0,0,0,0,0,0,0,0,0,0,0,0,0,0,0,0,0,0,0,0,0,0,0,0,0,0
"738",736,0,0,0,0,0,0,0,0,0,0,0,0,0,0,0,0,0,0,0,0,0,0,0,0,0,0,0,0,0,0,0,0,0,0,0,0,0,0,0,0
"739",737,0,0,0,0,0,0,0,0,0,0,0,0,0,0,0,0,0,0,0,0,0,0,0,0,0,0,0,0,0,0,0,0,0,0,0,0,0,0,0,0
"740",738,0,0,0,0,0,0,0,0,0,0,0,0,0,0,0,0,0,0,0,0,0,0,0,0,0,0,0,0,0,0,0,0,0,0,0,0,0,0,0,0
"741",739,0,0,0,0,0,0,0,0,0,0,0,0,0,0,0,0,0,0,0,0,0,0,0,0,0,0,0,0,0,0,0,0,0,0,0,0,0,0,0,0
"742",740,0,0,0,0,0,0,0,0,0,0,0,0,0,0,0,0,0,0,0,0,0,0,0,0,0,0,0,0,0,0,0,0,0,0,0,0,0,0,0,0
"743",741,0,0,0,0,0,0,0,0,0,0,0,0,0,0,0,0,0,0,0,0,0,0,0,0,0,0,0,0,0,0,0,0,0,0,0,0,0,0,0,0
"744",742,0,0,0,0,0,0,0,0,0,0,0,0,0,0,0,0,0,0,0,0,0,0,0,0,0,0,0,0,0,0,0,0,0,0,0,0,0,0,0,0
"745",743,0,0,0,0,0,0,0,0,0,0,0,0,0,0,0,0,0,0,0,0,0,0,0,0,0,0,0,0,0,0,0,0,0,0,0,0,0,0,0,0
"746",744,0,0,0,0,0,0,0,0,0,0,0,0,0,0,0,0,0,0,0,0,0,0,0,0,0,0,0,0,0,0,0,0,0,0,0,0,0,0,0,0
"747",745,0,0,0,0,0,0,0,0,0,0,0,0,0,0,0,0,0,0,0,0,0,0,0,0,0,0,0,0,0,0,0,0,0,0,0,0,0,0,0,0
"748",746,0,0,0,0,0,0,0,0,0,0,0,0,0,0,0,0,0,0,0,0,0,0,0,0,0,0,0,0,0,0,0,0,0,0,0,0,0,0,0,0
"749",747,0,0,0,0,0,0,0,0,0,0,0,0,0,0,0,0,0,0,0,0,0,0,0,0,0,0,0,0,0,0,0,0,0,0,0,0,0,0,0,0
"750",748,0,0,0,0,0,0,0,0,0,0,0,0,0,0,0,0,0,0,0,0,0,0,0,0,0,0,0,0,0,0,0,0,0,0,0,0,0,0,0,0
"751",749,0,0,0,0,0,0,0,0,0,0,0,0,0,0,0,0,0,0,0,0,0,0,0,0,0,0,0,0,0,0,0,0,0,0,0,0,0,0,0,0
"752",750,0,0,0,0,0,0,0,0,0,0,0,0,0,0,0,0,0,0,0,0,0,0,0,0,0,0,0,0,0,0,0,0,0,0,0,0,0,0,0,0
"753",751,0,0,0,0,0,0,0,0,0,0,0,0,0,0,0,0,0,0,0,0,0,0,0,0,0,0,0,0,0,0,0,0,0,0,0,0,0,0,0,0
"754",751.775,0,0,0,0,0,0,0,0,0,0,0,0,0,0,0,0,0,0,0,0,0,0,0,0,0,0,0,0,0,0,0,0,0,0,0,0,0,0,0,0
"755",741.525,0,0,0,0,0,0,0,0,0,0,0,0,0,0,0,0,0,0,0,0,0,0,0,0,0,0,0,0,0,0,0,0,0,0,0,0,0,0,0,0
"756",631.525,0,0,0,0,0,0,0,0,0,0,0,0,0,0,0,0,0,0,0,0,0,0,0,0,0,0,0,0,0,0,0,0,0,0,0,0,0,0,0,0
"757",727.525,0,0,0,0,0,0,0,0,0,0,0,0,0,0,0,0,0,0,0,0,0,0,0,0,0,0,0,0,0,0,0,0,0,0,0,0,0,0,0,0
"758",752,0,0,0,0,0,0,0,0,0,0,0,0,0,0,0,0,0,0,0,0,0,0,0,0,0,0,0,0,0,0,0,0,0,0,0,0,0,0,0,0
"759",753,0,0,0,0,0,0,0,0,0,0,0,0,0,0,0,0,0,0,0,0,0,0,0,0,0,0,0,0,0,0,0,0,0,0,0,0,0,0,0,0
"760",754,0,0,0,0,0,0,0,0,0,0,0,0,0,0,0,0,0,0,0,0,0,0,0,0,0,0,0,0,0,0,0,0,0,0,0,0,0,0,0,0
"761",755,0,0,0,0,0,0,0,0,0,0,0,0,0,0,0,0,0,0,0,0,0,0,0,0,0,0,0,0,0,0,0,0,0,0,0,0,0,0,0,0
"762",756,0,0,0,0,0,0,0,0,0,0,0,0,0,0,0,0,0,0,0,0,0,0,0,0,0,0,0,0,0,0,0,0,0,0,0,0,0,0,0,0
"763",757,0,0,0,0,0,0,0,0,0,0,0,0,0,0,0,0,0,0,0,0,0,0,0,0,0,0,0,0,0,0,0,0,0,0,0,0,0,0,0,0
"764",758,0,0,0,0,0,0,0,0,0,0,0,0,0,0,0,0,0,0,0,0,0,0,0,0,0,0,0,0,0,0,0,0,0,0,0,0,0,0,0,0
"765",759,0,0,0,0,0,0,0,0,0,0,0,0,0,0,0,0,0,0,0,0,0,0,0,0,0,0,0,0,0,0,0,0,0,0,0,0,0,0,0,0
"766",760,0,0,0,0,0,0,0,0,0,0,0,0,0,0,0,0,0,0,0,0,0,0,0,0,0,0,0,0,0,0,0,0,0,0,0,0,0,0,0,0
"767",761,0,0,0,0,0,0,0,0,0,0,0,0,0,0,0,0,0,0,0,0,0,0,0,0,0,0,0,0,0,0,0,0,0,0,0,0,0,0,0,0
"768",762,0,0,0,0,0,0,0,0,0,0,0,0,0,0,0,0,0,0,0,0,0,0,0,0,0,0,0,0,0,0,0,0,0,0,0,0,0,0,0,0
"769",763,0,0,0,0,0,0,0,0,0,0,0,0,0,0,0,0,0,0,0,0,0,0,0,0,0,0,0,0,0,0,0,0,0,0,0,0,0,0,0,0
"770",764,0,0,0,0,0,0,0,0,0,0,0,0,0,0,0,0,0,0,0,0,0,0,0,0,0,0,0,0,0,0,0,0,0,0,0,0,0,0,0,0
"771",765,0,0,0,0,0,0,0,0,0,0,0,0,0,0,0,0,0,0,0,0,0,0,0,0,0,0,0,0,0,0,0,0,0,0,0,0,0,0,0,0
"772",766,0,0,0,0,0,0,0,0,0,0,0,0,0,0,0,0,0,0,0,0,0,0,0,0,0,0,0,0,0,0,0,0,0,0,0,0,0,0,0,0
"773",767,0,0,0,0,0,0,0,0,0,0,0,0,0,0,0,0,0,0,0,0,0,0,0,0,0,0,0,0,0,0,0,0,0,0,0,0,0,0,0,0
"774",768,0,0,0,0,0,0,0,0,0,0,0,0,0,0,0,0,0,0,0,0,0,0,0,0,0,0,0,0,0,0,0,0,0,0,0,0,0,0,0,0
"775",769,0,0,0,0,0,0,0,0,0,0,0,0,0,0,0,0,0,0,0,0,0,0,0,0,0,0,0,0,0,0,0,0,0,0,0,0,0,0,0,0
"776",770,0,0,0,0,0,0,0,0,0,0,0,0,0,0,0,0,0,0,0,0,0,0,0,0,0,0,0,0,0,0,0,0,0,0,0,0,0,0,0,0
"777",771,0,0,0,0,0,0,0,0,0,0,0,0,0,0,0,0,0,0,0,0,0,0,0,0,0,0,0,0,0,0,0,0,0,0,0,0,0,0,0,0
"778",772,0,0,0,0,0,0,0,0,0,0,0,0,0,0,0,0,0,0,0,0,0,0,0,0,0,0,0,0,0,0,0,0,0,0,0,0,0,0,0,0
"779",773,0,0,0,0,0,0,0,0,0,0,0,0,0,0,0,0,0,0,0,0,0,0,0,0,0,0,0,0,0,0,0,0,0,0,0,0,0,0,0,0
"780",774,0,0,0,0,0,0,0,0,0,0,0,0,0,0,0,0,0,0,0,0,0,0,0,0,0,0,0,0,0,0,0,0,0,0,0,0,0,0,0,0
"781",775,0,0,0,0,0,0,0,0,0,0,0,0,0,0,0,0,0,0,0,0,0,0,0,0,0,0,0,0,0,0,0,0,0,0,0,0,0,0,0,0
"782",776,0,0,0,0,0,0,0,0,0,0,0,0,0,0,0,0,0,0,0,0,0,0,0,0,0,0,0,0,0,0,0,0,0,0,0,0,0,0,0,0
"783",777,0,0,0,0,0,0,0,0,0,0,0,0,0,0,0,0,0,0,0,0,0,0,0,0,0,0,0,0,0,0,0,0,0,0,0,0,0,0,0,0
"784",778,0,0,0,0,0,0,0,0,0,0,0,0,0,0,0,0,0,0,0,0,0,0,0,0,0,0,0,0,0,0,0,0,0,0,0,0,0,0,0,0
"785",779,0,0,0,0,0,0,0,0,0,0,0,0,0,0,0,0,0,0,0,0,0,0,0,0,0,0,0,0,0,0,0,0,0,0,0,0,0,0,0,0
"786",780,0,0,0,0,0,0,0,0,0,0,0,0,0,0,0,0,0,0,0,0,0,0,0,0,0,0,0,0,0,0,0,0,0,0,0,0,0,0,0,0
"787",781,0,0,0,0,0,0,0,0,0,0,0,0,0,0,0,0,0,0,0,0,0,0,0,0,0,0,0,0,0,0,0,0,0,0,0,0,0,0,0,0
"788",782,0,0,0,0,0,0,0,0,0,0,0,0,0,0,0,0,0,0,0,0,0,0,0,0,0,0,0,0,0,0,0,0,0,0,0,0,0,0,0,0
"789",783,0,0,0,0,0,0,0,0,0,0,0,0,0,0,0,0,0,0,0,0,0,0,0,0,0,0,0,0,0,0,0,0,0,0,0,0,0,0,0,0
"790",784,0,0,0,0,0,0,0,0,0,0,0,0,0,0,0,0,0,0,0,0,0,0,0,0,0,0,0,0,0,0,0,0,0,0,0,0,0,0,0,0
"791",785,0,0,0,0,0,0,0,0,0,0,0,0,0,0,0,0,0,0,0,0,0,0,0,0,0,0,0,0,0,0,0,0,0,0,0,0,0,0,0,0
"792",786,0,0,0,0,0,0,0,0,0,0,0,0,0,0,0,0,0,0,0,0,0,0,0,0,0,0,0,0,0,0,0,0,0,0,0,0,0,0,0,0
"793",787,0,0,0,0,0,0,0,0,0,0,0,0,0,0,0,0,0,0,0,0,0,0,0,0,0,0,0,0,0,0,0,0,0,0,0,0,0,0,0,0
"794",788,0,0,0,0,0,0,0,0,0,0,0,0,0,0,0,0,0,0,0,0,0,0,0,0,0,0,0,0,0,0,0,0,0,0,0,0,0,0,0,0
"795",789,0,0,0,0,0,0,0,0,0,0,0,0,0,0,0,0,0,0,0,0,0,0,0,0,0,0,0,0,0,0,0,0,0,0,0,0,0,0,0,0
"796",790,0,0,0,0,0,0,0,0,0,0,0,0,0,0,0,0,0,0,0,0,0,0,0,0,0,0,0,0,0,0,0,0,0,0,0,0,0,0,0,0
"797",791,0,0,0,0,0,0,0,0,0,0,0,0,0,0,0,0,0,0,0,0,0,0,0,0,0,0,0,0,0,0,0,0,0,0,0,0,0,0,0,0
"798",792,0,0,0,0,0,0,0,0,0,0,0,0,0,0,0,0,0,0,0,0,0,0,0,0,0,0,0,0,0,0,0,0,0,0,0,0,0,0,0,0
"799",793,0,0,0,0,0,0,0,0,0,0,0,0,0,0,0,0,0,0,0,0,0,0,0,0,0,0,0,0,0,0,0,0,0,0,0,0,0,0,0,0
"800",794,0,0,0,0,0,0,0,0,0,0,0,0,0,0,0,0,0,0,0,0,0,0,0,0,0,0,0,0,0,0,0,0,0,0,0,0,0,0,0,0
"801",795,0,0,0,0,0,0,0,0,0,0,0,0,0,0,0,0,0,0,0,0,0,0,0,0,0,0,0,0,0,0,0,0,0,0,0,0,0,0,0,0
"802",796,0,0,0,0,0,0,0,0,0,0,0,0,0,0,0,0,0,0,0,0,0,0,0,0,0,0,0,0,0,0,0,0,0,0,0,0,0,0,0,0
"803",797,0,0,0,0,0,0,0,0,0,0,0,0,0,0,0,0,0,0,0,0,0,0,0,0,0,0,0,0,0,0,0,0,0,0,0,0,0,0,0,0
"804",798,0,0,0,0,0,0,0,0,0,0,0,0,0,0,0,0,0,0,0,0,0,0,0,0,0,0,0,0,0,0,0,0,0,0,0,0,0,0,0,0
"805",799,0,0,0,0,0,0,0,0,0,0,0,0,0,0,0,0,0,0,0,0,0,0,0,0,0,0,0,0,0,0,0,0,0,0,0,0,0,0,0,0
"806",800,0,0,0,0,0,0,0,0,0,0,0,0,0,0,0,0,0,0,0,0,0,0,0,0,0,0,0,0,0,0,0,0,0,0,0,0,0,0,0,0
"807",801,0,0,0,0,0,0,0,0,0,0,0,0,0,0,0,0,0,0,0,0,0,0,0,0,0,0,0,0,0,0,0,0,0,0,0,0,0,0,0,0
"808",802,0,0,0,0,0,0,0,0,0,0,0,0,0,0,0,0,0,0,0,0,0,0,0,0,0,0,0,0,0,0,0,0,0,0,0,0,0,0,0,0
"809",803,0,0,0,0,0,0,0,0,0,0,0,0,0,0,0,0,0,0,0,0,0,0,0,0,0,0,0,0,0,0,0,0,0,0,0,0,0,0,0,0
"810",804,0,0,0,0,0,0,0,0,0,0,0,0,0,0,0,0,0,0,0,0,0,0,0,0,0,0,0,0,0,0,0,0,0,0,0,0,0,0,0,0
"811",805,0,0,0,0,0,0,0,0,0,0,0,0,0,0,0,0,0,0,0,0,0,0,0,0,0,0,0,0,0,0,0,0,0,0,0,0,0,0,0,0
"812",806,0,0,0,0,0,0,0,0,0,0,0,0,0,0,0,0,0,0,0,0,0,0,0,0,0,0,0,0,0,0,0,0,0,0,0,0,0,0,0,0
"813",807,0,0,0,0,0,0,0,0,0,0,0,0,0,0,0,0,0,0,0,0,0,0,0,0,0,0,0,0,0,0,0,0,0,0,0,0,0,0,0,0
"814",808,0,0,0,0,0,0,0,0,0,0,0,0,0,0,0,0,0,0,0,0,0,0,0,0,0,0,0,0,0,0,0,0,0,0,0,0,0,0,0,0
"815",809,0,0,0,0,0,0,0,0,0,0,0,0,0,0,0,0,0,0,0,0,0,0,0,0,0,0,0,0,0,0,0,0,0,0,0,0,0,0,0,0
"816",810,0,0,0,0,0,0,0,0,0,0,0,0,0,0,0,0,0,0,0,0,0,0,0,0,0,0,0,0,0,0,0,0,0,0,0,0,0,0,0,0
"817",811,0,0,0,0,0,0,0,0,0,0,0,0,0,0,0,0,0,0,0,0,0,0,0,0,0,0,0,0,0,0,0,0,0,0,0,0,0,0,0,0
"818",812,0,0,0,0,0,0,0,0,0,0,0,0,0,0,0,0,0,0,0,0,0,0,0,0,0,0,0,0,0,0,0,0,0,0,0,0,0,0,0,0
"819",813,0,0,0,0,0,0,0,0,0,0,0,0,0,0,0,0,0,0,0,0,0,0,0,0,0,0,0,0,0,0,0,0,0,0,0,0,0,0,0,0
"820",814,0,0,0,0,0,0,0,0,0,0,0,0,0,0,0,0,0,0,0,0,0,0,0,0,0,0,0,0,0,0,0,0,0,0,0,0,0,0,0,0
"821",815,0,0,0,0,0,0,0,0,0,0,0,0,0,0,0,0,0,0,0,0,0,0,0,0,0,0,0,0,0,0,0,0,0,0,0,0,0,0,0,0
"822",816,0,0,0,0,0,0,0,0,0,0,0,0,0,0,0,0,0,0,0,0,0,0,0,0,0,0,0,0,0,0,0,0,0,0,0,0,0,0,0,0
"823",817,0,0,0,0,0,0,0,0,0,0,0,0,0,0,0,0,0,0,0,0,0,0,0,0,0,0,0,0,0,0,0,0,0,0,0,0,0,0,0,0
"824",818,0,0,0,0,0,0,0,0,0,0,0,0,0,0,0,0,0,0,0,0,0,0,0,0,0,0,0,0,0,0,0,0,0,0,0,0,0,0,0,0
"825",818.275,0,0,0,0,0,0,0,0,0,0,0,0,0,0,0,0,0,0,0,0,0,0,0,0,0,0,0,0,0,0,0,0,0,0,0,0,0,0,0,0
"826",601.775,0,0,0,0,0,0,0,0,0,0,0,0,0,0,0,0,0,0,0,0,0,0,0,0,0,0,0,0,0,0,0,0,0,0,0,0,0,0,0,0
"827",783.275,0,0,0,0,0,0,0,0,0,0,0,0,0,0,0,0,0,0,0,0,0,0,0,0,0,0,0,0,0,0,0,0,0,0,0,0,0,0,0,0
"828",543.275,0,0,0,0,0,0,0,0,0,0,0,0,0,0,0,0,0,0,0,0,0,0,0,0,0,0,0,0,0,0,0,0,0,0,0,0,0,0,0,0
"829",618.775,0,0,0,0,0,0,0,0,0,0,0,0,0,0,0,0,0,0,0,0,0,0,0,0,0,0,0,0,0,0,0,0,0,0,0,0,0,0,0,0
"830",574.525,0,0,0,0,0,0,0,0,0,0,0,0,0,0,0,0,0,0,0,0,0,0,0,0,0,0,0,0,0,0,0,0,0,0,0,0,0,0,0,0
"831",593.775,0,0,0,0,0,0,0,0,0,0,0,0,0,0,0,0,0,0,0,0,0,0,0,0,0,0,0,0,0,0,0,0,0,0,0,0,0,0,0,0
"832",819,0,0,0,0,0,0,0,0,0,0,0,0,0,0,0,0,0,0,0,0,0,0,0,0,0,0,0,0,0,0,0,0,0,0,0,0,0,0,0,0
"833",820,0,0,0,0,0,0,0,0,0,0,0,0,0,0,0,0,0,0,0,0,0,0,0,0,0,0,0,0,0,0,0,0,0,0,0,0,0,0,0,0
"834",821,0,0,0,0,0,0,0,0,0,0,0,0,0,0,0,0,0,0,0,0,0,0,0,0,0,0,0,0,0,0,0,0,0,0,0,0,0,0,0,0
"835",822,0,0,0,0,0,0,0,0,0,0,0,0,0,0,0,0,0,0,0,0,0,0,0,0,0,0,0,0,0,0,0,0,0,0,0,0,0,0,0,0
"836",823,0,0,0,0,0,0,0,0,0,0,0,0,0,0,0,0,0,0,0,0,0,0,0,0,0,0,0,0,0,0,0,0,0,0,0,0,0,0,0,0
"837",824,0,0,0,0,0,0,0,0,0,0,0,0,0,0,0,0,0,0,0,0,0,0,0,0,0,0,0,0,0,0,0,0,0,0,0,0,0,0,0,0
"838",825,0,0,0,0,0,0,0,0,0,0,0,0,0,0,0,0,0,0,0,0,0,0,0,0,0,0,0,0,0,0,0,0,0,0,0,0,0,0,0,0
"839",826,0,0,0,0,0,0,0,0,0,0,0,0,0,0,0,0,0,0,0,0,0,0,0,0,0,0,0,0,0,0,0,0,0,0,0,0,0,0,0,0
"840",827,0,0,0,0,0,0,0,0,0,0,0,0,0,0,0,0,0,0,0,0,0,0,0,0,0,0,0,0,0,0,0,0,0,0,0,0,0,0,0,0
"841",828,0,0,0,0,0,0,0,0,0,0,0,0,0,0,0,0,0,0,0,0,0,0,0,0,0,0,0,0,0,0,0,0,0,0,0,0,0,0,0,0
"842",829,0,0,0,0,0,0,0,0,0,0,0,0,0,0,0,0,0,0,0,0,0,0,0,0,0,0,0,0,0,0,0,0,0,0,0,0,0,0,0,0
"843",830,0,0,0,0,0,0,0,0,0,0,0,0,0,0,0,0,0,0,0,0,0,0,0,0,0,0,0,0,0,0,0,0,0,0,0,0,0,0,0,0
"844",831,0,0,0,0,0,0,0,0,0,0,0,0,0,0,0,0,0,0,0,0,0,0,0,0,0,0,0,0,0,0,0,0,0,0,0,0,0,0,0,0
"845",832,0,0,0,0,0,0,0,0,0,0,0,0,0,0,0,0,0,0,0,0,0,0,0,0,0,0,0,0,0,0,0,0,0,0,0,0,0,0,0,0
"846",833,0,0,0,0,0,0,0,0,0,0,0,0,0,0,0,0,0,0,0,0,0,0,0,0,0,0,0,0,0,0,0,0,0,0,0,0,0,0,0,0
"847",833.025,0,0,0,0,0,0,0,0,0,0,0,0,0,0,0,0,0,0,0,0,0,0,0,0,0,0,0,0,0,0,0,0,0,0,0,0,0,0,0,0
"848",709.275,0,0,0,0,0,0,0,0,0,0,0,0,0,0,0,0,0,0,0,0,0,0,0,0,0,0,0,0,0,0,0,0,0,0,0,0,0,0,0,0
"849",722.275,0,0,0,0,0,0,0,0,0,0,0,0,0,0,0,0,0,0,0,0,0,0,0,0,0,0,0,0,0,0,0,0,0,0,0,0,0,0,0,0
"850",553.025,0,0,0,0,0,0,0,0,0,0,0,0,0,0,0,0,0,0,0,0,0,0,0,0,0,0,0,0,0,0,0,0,0,0,0,0,0,0,0,0
"851",581.275,0,0,0,0,0,0,0,0,0,0,0,0,0,0,0,0,0,0,0,0,0,0,0,0,0,0,0,0,0,0,0,0,0,0,0,0,0,0,0,0
"852",756.775,0,0,0,0,0,0,0,0,0,0,0,0,0,0,0,0,0,0,0,0,0,0,0,0,0,0,0,0,0,0,0,0,0,0,0,0,0,0,0,0
"853",545.025,0,0,0,0,0,0,0,0,0,0,0,0,0,0,0,0,0,0,0,0,0,0,0,0,0,0,0,0,0,0,0,0,0,0,0,0,0,0,0,0
"854",591.025,0,0,0,0,0,0,0,0,0,0,0,0,0,0,0,0,0,0,0,0,0,0,0,0,0,0,0,0,0,0,0,0,0,0,0,0,0,0,0,0
"855",631.025,0,0,0,0,0,0,0,0,0,0,0,0,0,0,0,0,0,0,0,0,0,0,0,0,0,0,0,0,0,0,0,0,0,0,0,0,0,0,0,0
"856",730.025,0,0,0,0,0,0,0,0,0,0,0,0,0,0,0,0,0,0,0,0,0,0,0,0,0,0,0,0,0,0,0,0,0,0,0,0,0,0,0,0
"857",588.275,0,0,0,0,0,0,0,0,0,0,0,0,0,0,0,0,0,0,0,0,0,0,0,0,0,0,0,0,0,0,0,0,0,0,0,0,0,0,0,0
"858",778.025,0,0,0,0,0,0,0,0,0,0,0,0,0,0,0,0,0,0,0,0,0,0,0,0,0,0,0,0,0,0,0,0,0,0,0,0,0,0,0,0
"859",761.775,0,0,0,0,0,0,0,0,0,0,0,0,0,0,0,0,0,0,0,0,0,0,0,0,0,0,0,0,0,0,0,0,0,0,0,0,0,0,0,0
"860",570.275,0,0,0,0,0,0,0,0,0,0,0,0,0,0,0,0,0,0,0,0,0,0,0,0,0,0,0,0,0,0,0,0,0,0,0,0,0,0,0,0
"861",834,0,0,0,0,0,0,0,0,0,0,0,0,0,0,0,0,0,0,0,0,0,0,0,0,0,0,0,0,0,0,0,0,0,0,0,0,0,0,0,0
"862",835,0,0,0,0,0,0,0,0,0,0,0,0,0,0,0,0,0,0,0,0,0,0,0,0,0,0,0,0,0,0,0,0,0,0,0,0,0,0,0,0
"863",836,0,0,0,0,0,0,0,0,0,0,0,0,0,0,0,0,0,0,0,0,0,0,0,0,0,0,0,0,0,0,0,0,0,0,0,0,0,0,0,0
"864",837,0,0,0,0,0,0,0,0,0,0,0,0,0,0,0,0,0,0,0,0,0,0,0,0,0,0,0,0,0,0,0,0,0,0,0,0,0,0,0,0
"865",838,0,0,0,0,0,0,0,0,0,0,0,0,0,0,0,0,0,0,0,0,0,0,0,0,0,0,0,0,0,0,0,0,0,0,0,0,0,0,0,0
"866",839,0,0,0,0,0,0,0,0,0,0,0,0,0,0,0,0,0,0,0,0,0,0,0,0,0,0,0,0,0,0,0,0,0,0,0,0,0,0,0,0
"867",840,0,0,0,0,0,0,0,0,0,0,0,0,0,0,0,0,0,0,0,0,0,0,0,0,0,0,0,0,0,0,0,0,0,0,0,0,0,0,0,0
"868",841,0,0,0,0,0,0,0,0,0,0,0,0,0,0,0,0,0,0,0,0,0,0,0,0,0,0,0,0,0,0,0,0,0,0,0,0,0,0,0,0
"869",842,0,0,0,0,0,0,0,0,0,0,0,0,0,0,0,0,0,0,0,0,0,0,0,0,0,0,0,0,0,0,0,0,0,0,0,0,0,0,0,0
"870",843,0,0,0,0,0,0,0,0,0,0,0,0,0,0,0,0,0,0,0,0,0,0,0,0,0,0,0,0,0,0,0,0,0,0,0,0,0,0,0,0
"871",844,0,0,0,0,0,0,0,0,0,0,0,0,0,0,0,0,0,0,0,0,0,0,0,0,0,0,0,0,0,0,0,0,0,0,0,0,0,0,0,0
"872",845,0,0,0,0,0,0,0,0,0,0,0,0,0,0,0,0,0,0,0,0,0,0,0,0,0,0,0,0,0,0,0,0,0,0,0,0,0,0,0,0
"873",846,0,0,0,0,0,0,0,0,0,0,0,0,0,0,0,0,0,0,0,0,0,0,0,0,0,0,0,0,0,0,0,0,0,0,0,0,0,0,0,0
"874",847,0,0,0,0,0,0,0,0,0,0,0,0,0,0,0,0,0,0,0,0,0,0,0,0,0,0,0,0,0,0,0,0,0,0,0,0,0,0,0,0
"875",848,0,0,0,0,0,0,0,0,0,0,0,0,0,0,0,0,0,0,0,0,0,0,0,0,0,0,0,0,0,0,0,0,0,0,0,0,0,0,0,0
"876",849,0,0,0,0,0,0,0,0,0,0,0,0,0,0,0,0,0,0,0,0,0,0,0,0,0,0,0,0,0,0,0,0,0,0,0,0,0,0,0,0
"877",850,0,0,0,0,0,0,0,0,0,0,0,0,0,0,0,0,0,0,0,0,0,0,0,0,0,0,0,0,0,0,0,0,0,0,0,0,0,0,0,0
"878",851,0,0,0,0,0,0,0,0,0,0,0,0,0,0,0,0,0,0,0,0,0,0,0,0,0,0,0,0,0,0,0,0,0,0,0,0,0,0,0,0
"879",851.775,0,0,0,0,0,0,0,0,0,0,0,0,0,0,0,0,0,0,0,0,0,0,0,0,0,0,0,0,0,0,0,0,0,0,0,0,0,0,0,0
"880",607.025,0,0,0,0,0,0,0,0,0,0,0,0,0,0,0,0,0,0,0,0,0,0,0,0,0,0,0,0,0,0,0,0,0,0,0,0,0,0,0,0
"881",565.275,0,0,0,0,0,0,0,0,0,0,0,0,0,0,0,0,0,0,0,0,0,0,0,0,0,0,0,0,0,0,0,0,0,0,0,0,0,0,0,0
"882",852,0,0,0,0,0,0,0,0,0,0,0,0,0,0,0,0,0,0,0,0,0,0,0,0,0,0,0,0,0,0,0,0,0,0,0,0,0,0,0,0
"883",853,0,0,0,0,0,0,0,0,0,0,0,0,0,0,0,0,0,0,0,0,0,0,0,0,0,0,0,0,0,0,0,0,0,0,0,0,0,0,0,0
"884",854,0,0,0,0,0,0,0,0,0,0,0,0,0,0,0,0,0,0,0,0,0,0,0,0,0,0,0,0,0,0,0,0,0,0,0,0,0,0,0,0
"885",855,0,0,0,0,0,0,0,0,0,0,0,0,0,0,0,0,0,0,0,0,0,0,0,0,0,0,0,0,0,0,0,0,0,0,0,0,0,0,0,0
"886",856,0,0,0,0,0,0,0,0,0,0,0,0,0,0,0,0,0,0,0,0,0,0,0,0,0,0,0,0,0,0,0,0,0,0,0,0,0,0,0,0
"887",857,0,0,0,0,0,0,0,0,0,0,0,0,0,0,0,0,0,0,0,0,0,0,0,0,0,0,0,0,0,0,0,0,0,0,0,0,0,0,0,0
"888",858,0,0,0,0,0,0,0,0,0,0,0,0,0,0,0,0,0,0,0,0,0,0,0,0,0,0,0,0,0,0,0,0,0,0,0,0,0,0,0,0
"889",859,0,0,0,0,0,0,0,0,0,0,0,0,0,0,0,0,0,0,0,0,0,0,0,0,0,0,0,0,0,0,0,0,0,0,0,0,0,0,0,0
"890",860,0,0,0,0,0,0,0,0,0,0,0,0,0,0,0,0,0,0,0,0,0,0,0,0,0,0,0,0,0,0,0,0,0,0,0,0,0,0,0,0
"891",860.775,0,0,0,0,0,0,0,0,0,0,0,0,0,0,0,0,0,0,0,0,0,0,0,0,0,0,0,0,0,0,0,0,0,0,0,0,0,0,0,0
"892",766.525,0,0,0,0,0,0,0,0,0,0,0,0,0,0,0,0,0,0,0,0,0,0,0,0,0,0,0,0,0,0,0,0,0,0,0,0,0,0,0,0
"893",730.775,0,0,0,0,0,0,0,0,0,0,0,0,0,0,0,0,0,0,0,0,0,0,0,0,0,0,0,0,0,0,0,0,0,0,0,0,0,0,0,0
"894",692.775,0,0,0,0,0,0,0,0,0,0,0,0,0,0,0,0,0,0,0,0,0,0,0,0,0,0,0,0,0,0,0,0,0,0,0,0,0,0,0,0
"895",781.275,0,0,0,0,0,0,0,0,0,0,0,0,0,0,0,0,0,0,0,0,0,0,0,0,0,0,0,0,0,0,0,0,0,0,0,0,0,0,0,0
"896",786.275,0,0,0,0,0,0,0,0,0,0,0,0,0,0,0,0,0,0,0,0,0,0,0,0,0,0,0,0,0,0,0,0,0,0,0,0,0,0,0,0
"897",645.525,0,0,0,0,0,0,0,0,0,0,0,0,0,0,0,0,0,0,0,0,0,0,0,0,0,0,0,0,0,0,0,0,0,0,0,0,0,0,0,0
"898",551.775,0,0,0,0,0,0,0,0,0,0,0,0,0,0,0,0,0,0,0,0,0,0,0,0,0,0,0,0,0,0,0,0,0,0,0,0,0,0,0,0
"899",757.025,0,0,0,0,0,0,0,0,0,0,0,0,0,0,0,0,0,0,0,0,0,0,0,0,0,0,0,0,0,0,0,0,0,0,0,0,0,0,0,0
"900",695.525,0,0,0,0,0,0,0,0,0,0,0,0,0,0,0,0,0,0,0,0,0,0,0,0,0,0,0,0,0,0,0,0,0,0,0,0,0,0,0,0
